ISO-10303-21;
HEADER;
/* Generated by software containing ST-Developer
 * from STEP Tools, Inc. (www.steptools.com) 
 */

FILE_DESCRIPTION(
/* description */ (''),
/* implementation_level */ '2;1');

FILE_NAME(
/* name */ 'container.step',
/* time_stamp */ '2026-04-04T17:36:25+02:00',
/* author */ (''),
/* organization */ (''),
/* preprocessor_version */ 'ST-DEVELOPER v20.1',
/* originating_system */ 'Autodesk Translation Framework v14.24.0.0',
/* authorisation */ '');

FILE_SCHEMA (('AUTOMOTIVE_DESIGN { 1 0 10303 214 3 1 1 }'));
ENDSEC;

DATA;
#10=MECHANICAL_DESIGN_GEOMETRIC_PRESENTATION_REPRESENTATION('',(#13),#2973);
#11=SHAPE_REPRESENTATION_RELATIONSHIP('SRR','None',#2980,#12);
#12=ADVANCED_BREP_SHAPE_REPRESENTATION('',(#14),#2972);
#13=STYLED_ITEM('',(#2992),#14);
#14=MANIFOLD_SOLID_BREP('Container',#1668);
#15=CONICAL_SURFACE('',#1825,3.,0.785398163397448);
#16=CONICAL_SURFACE('',#1829,3.,0.785398163397448);
#17=CONICAL_SURFACE('',#1833,3.,0.785398163397446);
#18=FACE_BOUND('',#169,.T.);
#19=FACE_BOUND('',#170,.T.);
#20=FACE_BOUND('',#171,.T.);
#21=FACE_BOUND('',#172,.T.);
#22=FACE_BOUND('',#173,.T.);
#23=FACE_BOUND('',#174,.T.);
#24=FACE_BOUND('',#175,.T.);
#25=FACE_BOUND('',#176,.T.);
#26=FACE_BOUND('',#177,.T.);
#27=FACE_BOUND('',#178,.T.);
#28=FACE_BOUND('',#179,.T.);
#29=FACE_BOUND('',#180,.T.);
#30=FACE_BOUND('',#195,.T.);
#31=FACE_BOUND('',#197,.T.);
#32=FACE_BOUND('',#198,.T.);
#33=FACE_BOUND('',#199,.T.);
#34=FACE_BOUND('',#200,.T.);
#35=FACE_BOUND('',#201,.T.);
#36=FACE_BOUND('',#202,.T.);
#37=FACE_BOUND('',#203,.T.);
#38=FACE_BOUND('',#204,.T.);
#39=FACE_BOUND('',#205,.T.);
#40=FACE_BOUND('',#206,.T.);
#41=FACE_BOUND('',#209,.T.);
#42=FACE_BOUND('',#211,.T.);
#43=FACE_BOUND('',#212,.T.);
#44=FACE_BOUND('',#233,.T.);
#45=FACE_BOUND('',#236,.T.);
#46=FACE_BOUND('',#246,.T.);
#47=FACE_BOUND('',#249,.T.);
#48=FACE_BOUND('',#251,.T.);
#49=PLANE('',#1685);
#50=PLANE('',#1686);
#51=PLANE('',#1696);
#52=PLANE('',#1703);
#53=PLANE('',#1746);
#54=PLANE('',#1749);
#55=PLANE('',#1767);
#56=PLANE('',#1774);
#57=PLANE('',#1778);
#58=PLANE('',#1780);
#59=PLANE('',#1816);
#60=PLANE('',#1818);
#61=PLANE('',#1858);
#62=PLANE('',#1863);
#63=PLANE('',#1864);
#64=PLANE('',#1875);
#65=PLANE('',#1878);
#66=PLANE('',#1881);
#67=PLANE('',#1882);
#68=PLANE('',#1909);
#69=PLANE('',#1910);
#70=PLANE('',#1911);
#71=FACE_OUTER_BOUND('',#160,.T.);
#72=FACE_OUTER_BOUND('',#161,.T.);
#73=FACE_OUTER_BOUND('',#162,.T.);
#74=FACE_OUTER_BOUND('',#163,.T.);
#75=FACE_OUTER_BOUND('',#164,.T.);
#76=FACE_OUTER_BOUND('',#165,.T.);
#77=FACE_OUTER_BOUND('',#166,.T.);
#78=FACE_OUTER_BOUND('',#167,.T.);
#79=FACE_OUTER_BOUND('',#168,.T.);
#80=FACE_OUTER_BOUND('',#181,.T.);
#81=FACE_OUTER_BOUND('',#182,.T.);
#82=FACE_OUTER_BOUND('',#183,.T.);
#83=FACE_OUTER_BOUND('',#184,.T.);
#84=FACE_OUTER_BOUND('',#185,.T.);
#85=FACE_OUTER_BOUND('',#186,.T.);
#86=FACE_OUTER_BOUND('',#187,.T.);
#87=FACE_OUTER_BOUND('',#188,.T.);
#88=FACE_OUTER_BOUND('',#189,.T.);
#89=FACE_OUTER_BOUND('',#190,.T.);
#90=FACE_OUTER_BOUND('',#191,.T.);
#91=FACE_OUTER_BOUND('',#192,.T.);
#92=FACE_OUTER_BOUND('',#193,.T.);
#93=FACE_OUTER_BOUND('',#194,.T.);
#94=FACE_OUTER_BOUND('',#196,.T.);
#95=FACE_OUTER_BOUND('',#207,.T.);
#96=FACE_OUTER_BOUND('',#208,.T.);
#97=FACE_OUTER_BOUND('',#210,.T.);
#98=FACE_OUTER_BOUND('',#213,.T.);
#99=FACE_OUTER_BOUND('',#214,.T.);
#100=FACE_OUTER_BOUND('',#215,.T.);
#101=FACE_OUTER_BOUND('',#216,.T.);
#102=FACE_OUTER_BOUND('',#217,.T.);
#103=FACE_OUTER_BOUND('',#218,.T.);
#104=FACE_OUTER_BOUND('',#219,.T.);
#105=FACE_OUTER_BOUND('',#220,.T.);
#106=FACE_OUTER_BOUND('',#221,.T.);
#107=FACE_OUTER_BOUND('',#222,.T.);
#108=FACE_OUTER_BOUND('',#223,.T.);
#109=FACE_OUTER_BOUND('',#224,.T.);
#110=FACE_OUTER_BOUND('',#225,.T.);
#111=FACE_OUTER_BOUND('',#226,.T.);
#112=FACE_OUTER_BOUND('',#227,.T.);
#113=FACE_OUTER_BOUND('',#228,.T.);
#114=FACE_OUTER_BOUND('',#229,.T.);
#115=FACE_OUTER_BOUND('',#230,.T.);
#116=FACE_OUTER_BOUND('',#231,.T.);
#117=FACE_OUTER_BOUND('',#232,.T.);
#118=FACE_OUTER_BOUND('',#234,.T.);
#119=FACE_OUTER_BOUND('',#235,.T.);
#120=FACE_OUTER_BOUND('',#237,.T.);
#121=FACE_OUTER_BOUND('',#238,.T.);
#122=FACE_OUTER_BOUND('',#239,.T.);
#123=FACE_OUTER_BOUND('',#240,.T.);
#124=FACE_OUTER_BOUND('',#241,.T.);
#125=FACE_OUTER_BOUND('',#242,.T.);
#126=FACE_OUTER_BOUND('',#243,.T.);
#127=FACE_OUTER_BOUND('',#244,.T.);
#128=FACE_OUTER_BOUND('',#245,.T.);
#129=FACE_OUTER_BOUND('',#247,.T.);
#130=FACE_OUTER_BOUND('',#248,.T.);
#131=FACE_OUTER_BOUND('',#250,.T.);
#132=FACE_OUTER_BOUND('',#252,.T.);
#133=FACE_OUTER_BOUND('',#253,.T.);
#134=FACE_OUTER_BOUND('',#254,.T.);
#135=FACE_OUTER_BOUND('',#255,.T.);
#136=FACE_OUTER_BOUND('',#256,.T.);
#137=FACE_OUTER_BOUND('',#257,.T.);
#138=FACE_OUTER_BOUND('',#258,.T.);
#139=FACE_OUTER_BOUND('',#259,.T.);
#140=FACE_OUTER_BOUND('',#260,.T.);
#141=FACE_OUTER_BOUND('',#261,.T.);
#142=FACE_OUTER_BOUND('',#262,.T.);
#143=FACE_OUTER_BOUND('',#263,.T.);
#144=FACE_OUTER_BOUND('',#264,.T.);
#145=FACE_OUTER_BOUND('',#265,.T.);
#146=FACE_OUTER_BOUND('',#266,.T.);
#147=FACE_OUTER_BOUND('',#267,.T.);
#148=FACE_OUTER_BOUND('',#268,.T.);
#149=FACE_OUTER_BOUND('',#269,.T.);
#150=FACE_OUTER_BOUND('',#270,.T.);
#151=FACE_OUTER_BOUND('',#271,.T.);
#152=FACE_OUTER_BOUND('',#272,.T.);
#153=FACE_OUTER_BOUND('',#273,.T.);
#154=FACE_OUTER_BOUND('',#274,.T.);
#155=FACE_OUTER_BOUND('',#275,.T.);
#156=FACE_OUTER_BOUND('',#276,.T.);
#157=FACE_OUTER_BOUND('',#277,.T.);
#158=FACE_OUTER_BOUND('',#278,.T.);
#159=FACE_OUTER_BOUND('',#279,.T.);
#160=EDGE_LOOP('',(#1029,#1030,#1031,#1032));
#161=EDGE_LOOP('',(#1033,#1034,#1035,#1036));
#162=EDGE_LOOP('',(#1037,#1038,#1039,#1040,#1041,#1042,#1043,#1044,#1045,
#1046,#1047,#1048,#1049,#1050,#1051,#1052));
#163=EDGE_LOOP('',(#1053,#1054,#1055,#1056));
#164=EDGE_LOOP('',(#1057,#1058,#1059,#1060));
#165=EDGE_LOOP('',(#1061,#1062,#1063,#1064));
#166=EDGE_LOOP('',(#1065,#1066,#1067,#1068));
#167=EDGE_LOOP('',(#1069,#1070,#1071,#1072));
#168=EDGE_LOOP('',(#1073));
#169=EDGE_LOOP('',(#1074));
#170=EDGE_LOOP('',(#1075));
#171=EDGE_LOOP('',(#1076,#1077,#1078,#1079,#1080,#1081,#1082,#1083,#1084,
#1085,#1086,#1087));
#172=EDGE_LOOP('',(#1088,#1089,#1090,#1091));
#173=EDGE_LOOP('',(#1092,#1093,#1094,#1095));
#174=EDGE_LOOP('',(#1096,#1097,#1098,#1099));
#175=EDGE_LOOP('',(#1100,#1101,#1102,#1103));
#176=EDGE_LOOP('',(#1104,#1105,#1106,#1107));
#177=EDGE_LOOP('',(#1108,#1109,#1110,#1111));
#178=EDGE_LOOP('',(#1112));
#179=EDGE_LOOP('',(#1113,#1114,#1115,#1116));
#180=EDGE_LOOP('',(#1117,#1118,#1119,#1120));
#181=EDGE_LOOP('',(#1121,#1122,#1123,#1124));
#182=EDGE_LOOP('',(#1125,#1126,#1127,#1128));
#183=EDGE_LOOP('',(#1129,#1130,#1131,#1132));
#184=EDGE_LOOP('',(#1133,#1134,#1135,#1136));
#185=EDGE_LOOP('',(#1137,#1138,#1139,#1140));
#186=EDGE_LOOP('',(#1141,#1142,#1143,#1144));
#187=EDGE_LOOP('',(#1145,#1146,#1147,#1148,#1149,#1150,#1151,#1152,#1153,
#1154,#1155,#1156,#1157,#1158,#1159,#1160,#1161,#1162,#1163,#1164));
#188=EDGE_LOOP('',(#1165,#1166,#1167,#1168));
#189=EDGE_LOOP('',(#1169,#1170,#1171,#1172));
#190=EDGE_LOOP('',(#1173,#1174,#1175,#1176));
#191=EDGE_LOOP('',(#1177,#1178,#1179,#1180));
#192=EDGE_LOOP('',(#1181,#1182,#1183,#1184));
#193=EDGE_LOOP('',(#1185,#1186,#1187,#1188));
#194=EDGE_LOOP('',(#1189));
#195=EDGE_LOOP('',(#1190));
#196=EDGE_LOOP('',(#1191));
#197=EDGE_LOOP('',(#1192,#1193,#1194,#1195,#1196,#1197,#1198,#1199,#1200,
#1201,#1202,#1203));
#198=EDGE_LOOP('',(#1204,#1205,#1206,#1207));
#199=EDGE_LOOP('',(#1208,#1209,#1210,#1211));
#200=EDGE_LOOP('',(#1212,#1213,#1214,#1215));
#201=EDGE_LOOP('',(#1216,#1217,#1218,#1219));
#202=EDGE_LOOP('',(#1220,#1221,#1222,#1223));
#203=EDGE_LOOP('',(#1224,#1225,#1226,#1227));
#204=EDGE_LOOP('',(#1228));
#205=EDGE_LOOP('',(#1229));
#206=EDGE_LOOP('',(#1230,#1231,#1232,#1233));
#207=EDGE_LOOP('',(#1234,#1235,#1236,#1237));
#208=EDGE_LOOP('',(#1238));
#209=EDGE_LOOP('',(#1239));
#210=EDGE_LOOP('',(#1240,#1241,#1242,#1243,#1244,#1245,#1246,#1247));
#211=EDGE_LOOP('',(#1248));
#212=EDGE_LOOP('',(#1249));
#213=EDGE_LOOP('',(#1250,#1251,#1252,#1253));
#214=EDGE_LOOP('',(#1254,#1255,#1256,#1257));
#215=EDGE_LOOP('',(#1258,#1259,#1260,#1261));
#216=EDGE_LOOP('',(#1262,#1263,#1264,#1265));
#217=EDGE_LOOP('',(#1266,#1267,#1268,#1269));
#218=EDGE_LOOP('',(#1270,#1271,#1272,#1273));
#219=EDGE_LOOP('',(#1274,#1275,#1276,#1277));
#220=EDGE_LOOP('',(#1278,#1279,#1280,#1281));
#221=EDGE_LOOP('',(#1282,#1283,#1284,#1285));
#222=EDGE_LOOP('',(#1286,#1287,#1288,#1289));
#223=EDGE_LOOP('',(#1290,#1291,#1292,#1293));
#224=EDGE_LOOP('',(#1294,#1295,#1296,#1297));
#225=EDGE_LOOP('',(#1298,#1299,#1300,#1301,#1302,#1303,#1304,#1305));
#226=EDGE_LOOP('',(#1306,#1307,#1308,#1309));
#227=EDGE_LOOP('',(#1310,#1311,#1312,#1313));
#228=EDGE_LOOP('',(#1314,#1315,#1316,#1317));
#229=EDGE_LOOP('',(#1318,#1319,#1320,#1321));
#230=EDGE_LOOP('',(#1322,#1323,#1324,#1325));
#231=EDGE_LOOP('',(#1326,#1327,#1328,#1329));
#232=EDGE_LOOP('',(#1330,#1331,#1332,#1333,#1334,#1335,#1336,#1337));
#233=EDGE_LOOP('',(#1338));
#234=EDGE_LOOP('',(#1339,#1340,#1341,#1342));
#235=EDGE_LOOP('',(#1343,#1344,#1345,#1346,#1347,#1348,#1349,#1350));
#236=EDGE_LOOP('',(#1351));
#237=EDGE_LOOP('',(#1352,#1353,#1354,#1355));
#238=EDGE_LOOP('',(#1356,#1357,#1358,#1359));
#239=EDGE_LOOP('',(#1360,#1361,#1362,#1363));
#240=EDGE_LOOP('',(#1364,#1365,#1366,#1367));
#241=EDGE_LOOP('',(#1368,#1369,#1370,#1371));
#242=EDGE_LOOP('',(#1372,#1373,#1374,#1375));
#243=EDGE_LOOP('',(#1376));
#244=EDGE_LOOP('',(#1377,#1378,#1379,#1380));
#245=EDGE_LOOP('',(#1381));
#246=EDGE_LOOP('',(#1382));
#247=EDGE_LOOP('',(#1383,#1384,#1385,#1386));
#248=EDGE_LOOP('',(#1387));
#249=EDGE_LOOP('',(#1388));
#250=EDGE_LOOP('',(#1389));
#251=EDGE_LOOP('',(#1390));
#252=EDGE_LOOP('',(#1391,#1392,#1393,#1394));
#253=EDGE_LOOP('',(#1395,#1396,#1397,#1398));
#254=EDGE_LOOP('',(#1399,#1400,#1401,#1402));
#255=EDGE_LOOP('',(#1403,#1404,#1405,#1406));
#256=EDGE_LOOP('',(#1407,#1408,#1409,#1410));
#257=EDGE_LOOP('',(#1411,#1412,#1413,#1414));
#258=EDGE_LOOP('',(#1415,#1416,#1417,#1418));
#259=EDGE_LOOP('',(#1419,#1420,#1421,#1422));
#260=EDGE_LOOP('',(#1423,#1424,#1425,#1426));
#261=EDGE_LOOP('',(#1427,#1428,#1429,#1430));
#262=EDGE_LOOP('',(#1431,#1432,#1433,#1434));
#263=EDGE_LOOP('',(#1435,#1436,#1437,#1438));
#264=EDGE_LOOP('',(#1439,#1440,#1441,#1442));
#265=EDGE_LOOP('',(#1443,#1444,#1445,#1446));
#266=EDGE_LOOP('',(#1447,#1448,#1449,#1450));
#267=EDGE_LOOP('',(#1451,#1452,#1453,#1454));
#268=EDGE_LOOP('',(#1455,#1456,#1457,#1458));
#269=EDGE_LOOP('',(#1459,#1460,#1461,#1462));
#270=EDGE_LOOP('',(#1463,#1464,#1465,#1466));
#271=EDGE_LOOP('',(#1467,#1468,#1469,#1470));
#272=EDGE_LOOP('',(#1471,#1472,#1473,#1474));
#273=EDGE_LOOP('',(#1475,#1476,#1477,#1478));
#274=EDGE_LOOP('',(#1479,#1480,#1481,#1482));
#275=EDGE_LOOP('',(#1483,#1484,#1485,#1486));
#276=EDGE_LOOP('',(#1487,#1488,#1489,#1490));
#277=EDGE_LOOP('',(#1491,#1492,#1493,#1494));
#278=EDGE_LOOP('',(#1495,#1496,#1497,#1498,#1499,#1500,#1501,#1502,#1503,
#1504,#1505,#1506,#1507,#1508,#1509,#1510));
#279=EDGE_LOOP('',(#1511,#1512,#1513,#1514));
#280=LINE('',#2482,#382);
#281=LINE('',#2485,#383);
#282=LINE('',#2488,#384);
#283=LINE('',#2490,#385);
#284=LINE('',#2491,#386);
#285=LINE('',#2494,#387);
#286=LINE('',#2498,#388);
#287=LINE('',#2502,#389);
#288=LINE('',#2506,#390);
#289=LINE('',#2510,#391);
#290=LINE('',#2514,#392);
#291=LINE('',#2518,#393);
#292=LINE('',#2524,#394);
#293=LINE('',#2525,#395);
#294=LINE('',#2528,#396);
#295=LINE('',#2529,#397);
#296=LINE('',#2533,#398);
#297=LINE('',#2537,#399);
#298=LINE('',#2542,#400);
#299=LINE('',#2543,#401);
#300=LINE('',#2626,#402);
#301=LINE('',#2627,#403);
#302=LINE('',#2630,#404);
#303=LINE('',#2631,#405);
#304=LINE('',#2632,#406);
#305=LINE('',#2635,#407);
#306=LINE('',#2638,#408);
#307=LINE('',#2642,#409);
#308=LINE('',#2644,#410);
#309=LINE('',#2648,#411);
#310=LINE('',#2654,#412);
#311=LINE('',#2657,#413);
#312=LINE('',#2662,#414);
#313=LINE('',#2666,#415);
#314=LINE('',#2669,#416);
#315=LINE('',#2671,#417);
#316=LINE('',#2674,#418);
#317=LINE('',#2676,#419);
#318=LINE('',#2680,#420);
#319=LINE('',#2684,#421);
#320=LINE('',#2688,#422);
#321=LINE('',#2694,#423);
#322=LINE('',#2697,#424);
#323=LINE('',#2698,#425);
#324=LINE('',#2704,#426);
#325=LINE('',#2709,#427);
#326=LINE('',#2712,#428);
#327=LINE('',#2713,#429);
#328=LINE('',#2718,#430);
#329=LINE('',#2792,#431);
#330=LINE('',#2802,#432);
#331=LINE('',#2804,#433);
#332=LINE('',#2808,#434);
#333=LINE('',#2811,#435);
#334=LINE('',#2816,#436);
#335=LINE('',#2819,#437);
#336=LINE('',#2824,#438);
#337=LINE('',#2827,#439);
#338=LINE('',#2832,#440);
#339=LINE('',#2836,#441);
#340=LINE('',#2839,#442);
#341=LINE('',#2844,#443);
#342=LINE('',#2849,#444);
#343=LINE('',#2852,#445);
#344=LINE('',#2853,#446);
#345=LINE('',#2857,#447);
#346=LINE('',#2860,#448);
#347=LINE('',#2867,#449);
#348=LINE('',#2871,#450);
#349=LINE('',#2892,#451);
#350=LINE('',#2894,#452);
#351=LINE('',#2897,#453);
#352=LINE('',#2899,#454);
#353=LINE('',#2905,#455);
#354=LINE('',#2910,#456);
#355=LINE('',#2916,#457);
#356=LINE('',#2918,#458);
#357=LINE('',#2919,#459);
#358=LINE('',#2921,#460);
#359=LINE('',#2923,#461);
#360=LINE('',#2926,#462);
#361=LINE('',#2927,#463);
#362=LINE('',#2929,#464);
#363=LINE('',#2931,#465);
#364=LINE('',#2934,#466);
#365=LINE('',#2935,#467);
#366=LINE('',#2937,#468);
#367=LINE('',#2939,#469);
#368=LINE('',#2942,#470);
#369=LINE('',#2943,#471);
#370=LINE('',#2945,#472);
#371=LINE('',#2947,#473);
#372=LINE('',#2950,#474);
#373=LINE('',#2951,#475);
#374=LINE('',#2953,#476);
#375=LINE('',#2955,#477);
#376=LINE('',#2958,#478);
#377=LINE('',#2959,#479);
#378=LINE('',#2961,#480);
#379=LINE('',#2963,#481);
#380=LINE('',#2966,#482);
#381=LINE('',#2968,#483);
#382=VECTOR('',#1918,10.);
#383=VECTOR('',#1921,10.);
#384=VECTOR('',#1924,10.);
#385=VECTOR('',#1925,10.);
#386=VECTOR('',#1926,10.);
#387=VECTOR('',#1929,10.);
#388=VECTOR('',#1932,10.);
#389=VECTOR('',#1935,10.);
#390=VECTOR('',#1938,10.);
#391=VECTOR('',#1941,10.);
#392=VECTOR('',#1944,10.);
#393=VECTOR('',#1947,10.);
#394=VECTOR('',#1954,10.);
#395=VECTOR('',#1955,10.);
#396=VECTOR('',#1958,10.);
#397=VECTOR('',#1959,10.);
#398=VECTOR('',#1964,10.);
#399=VECTOR('',#1969,10.);
#400=VECTOR('',#1974,10.);
#401=VECTOR('',#1975,10.);
#402=VECTOR('',#2058,10.);
#403=VECTOR('',#2059,10.);
#404=VECTOR('',#2060,10.);
#405=VECTOR('',#2061,10.);
#406=VECTOR('',#2062,10.);
#407=VECTOR('',#2065,10.);
#408=VECTOR('',#2070,10.);
#409=VECTOR('',#2075,10.);
#410=VECTOR('',#2078,10.);
#411=VECTOR('',#2083,10.);
#412=VECTOR('',#2088,10.);
#413=VECTOR('',#2091,10.);
#414=VECTOR('',#2096,10.);
#415=VECTOR('',#2099,10.);
#416=VECTOR('',#2102,10.);
#417=VECTOR('',#2103,10.);
#418=VECTOR('',#2106,10.);
#419=VECTOR('',#2107,10.);
#420=VECTOR('',#2110,10.);
#421=VECTOR('',#2113,10.);
#422=VECTOR('',#2116,10.);
#423=VECTOR('',#2123,10.);
#424=VECTOR('',#2128,10.);
#425=VECTOR('',#2129,10.);
#426=VECTOR('',#2136,10.);
#427=VECTOR('',#2141,10.);
#428=VECTOR('',#2146,10.);
#429=VECTOR('',#2147,10.);
#430=VECTOR('',#2152,4.6);
#431=VECTOR('',#2231,4.6);
#432=VECTOR('',#2244,3.6);
#433=VECTOR('',#2247,3.6);
#434=VECTOR('',#2252,25.);
#435=VECTOR('',#2255,3.);
#436=VECTOR('',#2262,2.5);
#437=VECTOR('',#2265,3.);
#438=VECTOR('',#2272,2.5);
#439=VECTOR('',#2275,3.);
#440=VECTOR('',#2282,2.5);
#441=VECTOR('',#2287,10.);
#442=VECTOR('',#2290,10.);
#443=VECTOR('',#2297,10.);
#444=VECTOR('',#2302,10.);
#445=VECTOR('',#2305,10.);
#446=VECTOR('',#2306,10.);
#447=VECTOR('',#2311,10.);
#448=VECTOR('',#2314,10.);
#449=VECTOR('',#2325,10.);
#450=VECTOR('',#2330,10.);
#451=VECTOR('',#2359,10.);
#452=VECTOR('',#2362,10.);
#453=VECTOR('',#2367,10.);
#454=VECTOR('',#2370,10.);
#455=VECTOR('',#2379,1.1);
#456=VECTOR('',#2386,1.1);
#457=VECTOR('',#2395,25.);
#458=VECTOR('',#2398,10.);
#459=VECTOR('',#2399,10.);
#460=VECTOR('',#2402,10.);
#461=VECTOR('',#2405,10.);
#462=VECTOR('',#2410,10.);
#463=VECTOR('',#2411,10.);
#464=VECTOR('',#2414,10.);
#465=VECTOR('',#2417,10.);
#466=VECTOR('',#2422,10.);
#467=VECTOR('',#2423,10.);
#468=VECTOR('',#2426,10.);
#469=VECTOR('',#2429,10.);
#470=VECTOR('',#2434,10.);
#471=VECTOR('',#2435,10.);
#472=VECTOR('',#2438,10.);
#473=VECTOR('',#2441,10.);
#474=VECTOR('',#2446,10.);
#475=VECTOR('',#2447,10.);
#476=VECTOR('',#2450,10.);
#477=VECTOR('',#2453,10.);
#478=VECTOR('',#2458,10.);
#479=VECTOR('',#2459,10.);
#480=VECTOR('',#2462,10.);
#481=VECTOR('',#2465,10.);
#482=VECTOR('',#2470,10.);
#483=VECTOR('',#2473,10.);
#484=CIRCLE('',#1683,2.);
#485=CIRCLE('',#1684,2.);
#486=CIRCLE('',#1687,2.);
#487=CIRCLE('',#1688,2.);
#488=CIRCLE('',#1689,2.);
#489=CIRCLE('',#1690,2.);
#490=CIRCLE('',#1691,2.);
#491=CIRCLE('',#1692,2.);
#492=CIRCLE('',#1693,2.);
#493=CIRCLE('',#1695,2.);
#494=CIRCLE('',#1698,2.);
#495=CIRCLE('',#1700,2.);
#496=CIRCLE('',#1702,2.);
#497=CIRCLE('',#1704,26.5);
#498=CIRCLE('',#1705,3.5);
#499=CIRCLE('',#1706,3.5);
#500=CIRCLE('',#1707,5.5);
#501=CIRCLE('',#1708,2.);
#502=CIRCLE('',#1709,17.5);
#503=CIRCLE('',#1710,2.);
#504=CIRCLE('',#1711,5.5);
#505=CIRCLE('',#1712,2.);
#506=CIRCLE('',#1713,17.5);
#507=CIRCLE('',#1714,2.);
#508=CIRCLE('',#1715,4.99999999999998);
#509=CIRCLE('',#1716,2.);
#510=CIRCLE('',#1717,17.5);
#511=CIRCLE('',#1718,2.);
#512=CIRCLE('',#1719,19.4);
#513=CIRCLE('',#1720,1.6);
#514=CIRCLE('',#1721,22.6);
#515=CIRCLE('',#1722,1.6);
#516=CIRCLE('',#1723,19.4);
#517=CIRCLE('',#1724,1.6);
#518=CIRCLE('',#1725,22.6);
#519=CIRCLE('',#1726,1.59999999999999);
#520=CIRCLE('',#1727,19.4);
#521=CIRCLE('',#1728,1.59999999999999);
#522=CIRCLE('',#1729,22.6);
#523=CIRCLE('',#1730,1.6);
#524=CIRCLE('',#1731,19.4);
#525=CIRCLE('',#1732,1.6);
#526=CIRCLE('',#1733,22.6);
#527=CIRCLE('',#1734,1.6);
#528=CIRCLE('',#1735,19.4);
#529=CIRCLE('',#1736,1.6);
#530=CIRCLE('',#1737,22.6);
#531=CIRCLE('',#1738,1.6);
#532=CIRCLE('',#1739,19.4);
#533=CIRCLE('',#1740,1.6);
#534=CIRCLE('',#1741,22.6);
#535=CIRCLE('',#1742,1.6);
#536=CIRCLE('',#1743,3.5);
#537=CIRCLE('',#1745,2.);
#538=CIRCLE('',#1748,2.);
#539=CIRCLE('',#1751,2.);
#540=CIRCLE('',#1753,1.5);
#541=CIRCLE('',#1754,1.5);
#542=CIRCLE('',#1756,17.5);
#543=CIRCLE('',#1757,17.5);
#544=CIRCLE('',#1758,17.5);
#545=CIRCLE('',#1759,17.5);
#546=CIRCLE('',#1760,17.5);
#547=CIRCLE('',#1761,17.5);
#548=CIRCLE('',#1762,17.5);
#549=CIRCLE('',#1763,17.5);
#550=CIRCLE('',#1765,1.5);
#551=CIRCLE('',#1766,1.5);
#552=CIRCLE('',#1769,1.5);
#553=CIRCLE('',#1770,1.5);
#554=CIRCLE('',#1772,1.5);
#555=CIRCLE('',#1773,1.5);
#556=CIRCLE('',#1776,4.4);
#557=CIRCLE('',#1777,4.4);
#558=CIRCLE('',#1779,3.6);
#559=CIRCLE('',#1781,24.5);
#560=CIRCLE('',#1782,2.);
#561=CIRCLE('',#1783,4.5);
#562=CIRCLE('',#1784,2.);
#563=CIRCLE('',#1785,17.5);
#564=CIRCLE('',#1786,2.);
#565=CIRCLE('',#1787,4.5);
#566=CIRCLE('',#1788,2.);
#567=CIRCLE('',#1789,19.4);
#568=CIRCLE('',#1790,1.6);
#569=CIRCLE('',#1791,22.6);
#570=CIRCLE('',#1792,1.6);
#571=CIRCLE('',#1793,19.4);
#572=CIRCLE('',#1794,1.59999999999999);
#573=CIRCLE('',#1795,22.6);
#574=CIRCLE('',#1796,1.6);
#575=CIRCLE('',#1797,19.4);
#576=CIRCLE('',#1798,1.6);
#577=CIRCLE('',#1799,22.6);
#578=CIRCLE('',#1800,1.6);
#579=CIRCLE('',#1801,19.4);
#580=CIRCLE('',#1802,1.6);
#581=CIRCLE('',#1803,22.6);
#582=CIRCLE('',#1804,1.59999999999999);
#583=CIRCLE('',#1805,19.4);
#584=CIRCLE('',#1806,1.6);
#585=CIRCLE('',#1807,22.6);
#586=CIRCLE('',#1808,1.6);
#587=CIRCLE('',#1809,19.4);
#588=CIRCLE('',#1810,1.6);
#589=CIRCLE('',#1811,22.6);
#590=CIRCLE('',#1812,1.6);
#591=CIRCLE('',#1813,4.4);
#592=CIRCLE('',#1815,4.4);
#593=CIRCLE('',#1817,3.6);
#594=CIRCLE('',#1819,3.6);
#595=CIRCLE('',#1820,3.6);
#596=CIRCLE('',#1824,24.5);
#597=CIRCLE('',#1826,2.5);
#598=CIRCLE('',#1828,2.5);
#599=CIRCLE('',#1830,2.5);
#600=CIRCLE('',#1832,2.5);
#601=CIRCLE('',#1834,2.5);
#602=CIRCLE('',#1836,2.5);
#603=CIRCLE('',#1838,2.);
#604=CIRCLE('',#1840,5.5);
#605=CIRCLE('',#1842,2.);
#606=CIRCLE('',#1844,17.5);
#607=CIRCLE('',#1845,17.5);
#608=CIRCLE('',#1847,2.);
#609=CIRCLE('',#1849,5.5);
#610=CIRCLE('',#1851,2.);
#611=CIRCLE('',#1853,2.);
#612=CIRCLE('',#1855,2.);
#613=CIRCLE('',#1857,4.99999999999998);
#614=CIRCLE('',#1859,2.);
#615=CIRCLE('',#1860,4.5);
#616=CIRCLE('',#1861,2.);
#617=CIRCLE('',#1862,1.1);
#618=CIRCLE('',#1865,2.);
#619=CIRCLE('',#1866,4.5);
#620=CIRCLE('',#1867,2.);
#621=CIRCLE('',#1868,1.1);
#622=CIRCLE('',#1877,1.1);
#623=CIRCLE('',#1880,1.1);
#624=CIRCLE('',#1883,26.5);
#625=VERTEX_POINT('',#2478);
#626=VERTEX_POINT('',#2479);
#627=VERTEX_POINT('',#2481);
#628=VERTEX_POINT('',#2483);
#629=VERTEX_POINT('',#2487);
#630=VERTEX_POINT('',#2489);
#631=VERTEX_POINT('',#2493);
#632=VERTEX_POINT('',#2495);
#633=VERTEX_POINT('',#2497);
#634=VERTEX_POINT('',#2499);
#635=VERTEX_POINT('',#2501);
#636=VERTEX_POINT('',#2503);
#637=VERTEX_POINT('',#2505);
#638=VERTEX_POINT('',#2507);
#639=VERTEX_POINT('',#2509);
#640=VERTEX_POINT('',#2511);
#641=VERTEX_POINT('',#2513);
#642=VERTEX_POINT('',#2515);
#643=VERTEX_POINT('',#2517);
#644=VERTEX_POINT('',#2521);
#645=VERTEX_POINT('',#2522);
#646=VERTEX_POINT('',#2527);
#647=VERTEX_POINT('',#2531);
#648=VERTEX_POINT('',#2535);
#649=VERTEX_POINT('',#2539);
#650=VERTEX_POINT('',#2540);
#651=VERTEX_POINT('',#2545);
#652=VERTEX_POINT('',#2547);
#653=VERTEX_POINT('',#2549);
#654=VERTEX_POINT('',#2551);
#655=VERTEX_POINT('',#2552);
#656=VERTEX_POINT('',#2554);
#657=VERTEX_POINT('',#2556);
#658=VERTEX_POINT('',#2558);
#659=VERTEX_POINT('',#2560);
#660=VERTEX_POINT('',#2562);
#661=VERTEX_POINT('',#2564);
#662=VERTEX_POINT('',#2566);
#663=VERTEX_POINT('',#2568);
#664=VERTEX_POINT('',#2570);
#665=VERTEX_POINT('',#2572);
#666=VERTEX_POINT('',#2575);
#667=VERTEX_POINT('',#2576);
#668=VERTEX_POINT('',#2578);
#669=VERTEX_POINT('',#2580);
#670=VERTEX_POINT('',#2583);
#671=VERTEX_POINT('',#2584);
#672=VERTEX_POINT('',#2586);
#673=VERTEX_POINT('',#2588);
#674=VERTEX_POINT('',#2591);
#675=VERTEX_POINT('',#2592);
#676=VERTEX_POINT('',#2594);
#677=VERTEX_POINT('',#2596);
#678=VERTEX_POINT('',#2599);
#679=VERTEX_POINT('',#2600);
#680=VERTEX_POINT('',#2602);
#681=VERTEX_POINT('',#2604);
#682=VERTEX_POINT('',#2607);
#683=VERTEX_POINT('',#2608);
#684=VERTEX_POINT('',#2610);
#685=VERTEX_POINT('',#2612);
#686=VERTEX_POINT('',#2615);
#687=VERTEX_POINT('',#2616);
#688=VERTEX_POINT('',#2618);
#689=VERTEX_POINT('',#2620);
#690=VERTEX_POINT('',#2623);
#691=VERTEX_POINT('',#2625);
#692=VERTEX_POINT('',#2628);
#693=VERTEX_POINT('',#2629);
#694=VERTEX_POINT('',#2634);
#695=VERTEX_POINT('',#2640);
#696=VERTEX_POINT('',#2646);
#697=VERTEX_POINT('',#2650);
#698=VERTEX_POINT('',#2651);
#699=VERTEX_POINT('',#2653);
#700=VERTEX_POINT('',#2655);
#701=VERTEX_POINT('',#2659);
#702=VERTEX_POINT('',#2661);
#703=VERTEX_POINT('',#2663);
#704=VERTEX_POINT('',#2665);
#705=VERTEX_POINT('',#2667);
#706=VERTEX_POINT('',#2670);
#707=VERTEX_POINT('',#2672);
#708=VERTEX_POINT('',#2675);
#709=VERTEX_POINT('',#2677);
#710=VERTEX_POINT('',#2679);
#711=VERTEX_POINT('',#2681);
#712=VERTEX_POINT('',#2683);
#713=VERTEX_POINT('',#2685);
#714=VERTEX_POINT('',#2687);
#715=VERTEX_POINT('',#2691);
#716=VERTEX_POINT('',#2693);
#717=VERTEX_POINT('',#2700);
#718=VERTEX_POINT('',#2702);
#719=VERTEX_POINT('',#2706);
#720=VERTEX_POINT('',#2708);
#721=VERTEX_POINT('',#2715);
#722=VERTEX_POINT('',#2717);
#723=VERTEX_POINT('',#2721);
#724=VERTEX_POINT('',#2724);
#725=VERTEX_POINT('',#2726);
#726=VERTEX_POINT('',#2728);
#727=VERTEX_POINT('',#2730);
#728=VERTEX_POINT('',#2732);
#729=VERTEX_POINT('',#2734);
#730=VERTEX_POINT('',#2736);
#731=VERTEX_POINT('',#2739);
#732=VERTEX_POINT('',#2740);
#733=VERTEX_POINT('',#2742);
#734=VERTEX_POINT('',#2744);
#735=VERTEX_POINT('',#2747);
#736=VERTEX_POINT('',#2748);
#737=VERTEX_POINT('',#2750);
#738=VERTEX_POINT('',#2752);
#739=VERTEX_POINT('',#2755);
#740=VERTEX_POINT('',#2756);
#741=VERTEX_POINT('',#2758);
#742=VERTEX_POINT('',#2760);
#743=VERTEX_POINT('',#2763);
#744=VERTEX_POINT('',#2764);
#745=VERTEX_POINT('',#2766);
#746=VERTEX_POINT('',#2768);
#747=VERTEX_POINT('',#2771);
#748=VERTEX_POINT('',#2772);
#749=VERTEX_POINT('',#2774);
#750=VERTEX_POINT('',#2776);
#751=VERTEX_POINT('',#2779);
#752=VERTEX_POINT('',#2780);
#753=VERTEX_POINT('',#2782);
#754=VERTEX_POINT('',#2784);
#755=VERTEX_POINT('',#2787);
#756=VERTEX_POINT('',#2790);
#757=VERTEX_POINT('',#2794);
#758=VERTEX_POINT('',#2797);
#759=VERTEX_POINT('',#2799);
#760=VERTEX_POINT('',#2806);
#761=VERTEX_POINT('',#2810);
#762=VERTEX_POINT('',#2814);
#763=VERTEX_POINT('',#2818);
#764=VERTEX_POINT('',#2822);
#765=VERTEX_POINT('',#2826);
#766=VERTEX_POINT('',#2830);
#767=VERTEX_POINT('',#2834);
#768=VERTEX_POINT('',#2838);
#769=VERTEX_POINT('',#2842);
#770=VERTEX_POINT('',#2846);
#771=VERTEX_POINT('',#2848);
#772=VERTEX_POINT('',#2850);
#773=VERTEX_POINT('',#2855);
#774=VERTEX_POINT('',#2859);
#775=VERTEX_POINT('',#2865);
#776=VERTEX_POINT('',#2869);
#777=VERTEX_POINT('',#2875);
#778=VERTEX_POINT('',#2877);
#779=VERTEX_POINT('',#2880);
#780=VERTEX_POINT('',#2884);
#781=VERTEX_POINT('',#2886);
#782=VERTEX_POINT('',#2889);
#783=VERTEX_POINT('',#2903);
#784=VERTEX_POINT('',#2908);
#785=VERTEX_POINT('',#2913);
#786=EDGE_CURVE('',#625,#626,#484,.T.);
#787=EDGE_CURVE('',#626,#627,#280,.T.);
#788=EDGE_CURVE('',#627,#628,#485,.T.);
#789=EDGE_CURVE('',#628,#625,#281,.T.);
#790=EDGE_CURVE('',#626,#629,#282,.T.);
#791=EDGE_CURVE('',#630,#629,#283,.T.);
#792=EDGE_CURVE('',#630,#627,#284,.T.);
#793=EDGE_CURVE('',#631,#625,#285,.T.);
#794=EDGE_CURVE('',#632,#631,#486,.T.);
#795=EDGE_CURVE('',#633,#632,#286,.T.);
#796=EDGE_CURVE('',#634,#633,#487,.T.);
#797=EDGE_CURVE('',#634,#635,#287,.F.);
#798=EDGE_CURVE('',#636,#635,#488,.T.);
#799=EDGE_CURVE('',#637,#636,#288,.T.);
#800=EDGE_CURVE('',#638,#637,#489,.T.);
#801=EDGE_CURVE('',#639,#638,#289,.T.);
#802=EDGE_CURVE('',#640,#639,#490,.T.);
#803=EDGE_CURVE('',#640,#641,#290,.T.);
#804=EDGE_CURVE('',#642,#641,#491,.T.);
#805=EDGE_CURVE('',#642,#643,#291,.T.);
#806=EDGE_CURVE('',#629,#643,#492,.T.);
#807=EDGE_CURVE('',#644,#645,#493,.T.);
#808=EDGE_CURVE('',#645,#636,#292,.T.);
#809=EDGE_CURVE('',#635,#644,#293,.T.);
#810=EDGE_CURVE('',#645,#646,#294,.T.);
#811=EDGE_CURVE('',#637,#646,#295,.T.);
#812=EDGE_CURVE('',#646,#647,#494,.T.);
#813=EDGE_CURVE('',#647,#638,#296,.T.);
#814=EDGE_CURVE('',#648,#630,#495,.T.);
#815=EDGE_CURVE('',#643,#648,#297,.T.);
#816=EDGE_CURVE('',#649,#650,#496,.T.);
#817=EDGE_CURVE('',#650,#640,#298,.T.);
#818=EDGE_CURVE('',#639,#649,#299,.T.);
#819=EDGE_CURVE('',#651,#651,#497,.F.);
#820=EDGE_CURVE('',#652,#652,#498,.T.);
#821=EDGE_CURVE('',#653,#653,#499,.T.);
#822=EDGE_CURVE('',#654,#655,#500,.T.);
#823=EDGE_CURVE('',#656,#655,#501,.T.);
#824=EDGE_CURVE('',#656,#657,#502,.T.);
#825=EDGE_CURVE('',#658,#657,#503,.T.);
#826=EDGE_CURVE('',#658,#659,#504,.T.);
#827=EDGE_CURVE('',#660,#659,#505,.T.);
#828=EDGE_CURVE('',#660,#661,#506,.T.);
#829=EDGE_CURVE('',#662,#661,#507,.T.);
#830=EDGE_CURVE('',#662,#663,#508,.T.);
#831=EDGE_CURVE('',#664,#663,#509,.T.);
#832=EDGE_CURVE('',#664,#665,#510,.T.);
#833=EDGE_CURVE('',#654,#665,#511,.T.);
#834=EDGE_CURVE('',#666,#667,#512,.T.);
#835=EDGE_CURVE('',#667,#668,#513,.T.);
#836=EDGE_CURVE('',#668,#669,#514,.T.);
#837=EDGE_CURVE('',#669,#666,#515,.T.);
#838=EDGE_CURVE('',#670,#671,#516,.T.);
#839=EDGE_CURVE('',#671,#672,#517,.T.);
#840=EDGE_CURVE('',#672,#673,#518,.T.);
#841=EDGE_CURVE('',#673,#670,#519,.T.);
#842=EDGE_CURVE('',#674,#675,#520,.T.);
#843=EDGE_CURVE('',#675,#676,#521,.T.);
#844=EDGE_CURVE('',#676,#677,#522,.T.);
#845=EDGE_CURVE('',#677,#674,#523,.T.);
#846=EDGE_CURVE('',#678,#679,#524,.T.);
#847=EDGE_CURVE('',#679,#680,#525,.T.);
#848=EDGE_CURVE('',#680,#681,#526,.T.);
#849=EDGE_CURVE('',#681,#678,#527,.T.);
#850=EDGE_CURVE('',#682,#683,#528,.T.);
#851=EDGE_CURVE('',#683,#684,#529,.T.);
#852=EDGE_CURVE('',#684,#685,#530,.T.);
#853=EDGE_CURVE('',#685,#682,#531,.T.);
#854=EDGE_CURVE('',#686,#687,#532,.T.);
#855=EDGE_CURVE('',#687,#688,#533,.T.);
#856=EDGE_CURVE('',#688,#689,#534,.T.);
#857=EDGE_CURVE('',#689,#686,#535,.T.);
#858=EDGE_CURVE('',#690,#690,#536,.T.);
#859=EDGE_CURVE('',#691,#650,#300,.T.);
#860=EDGE_CURVE('',#641,#691,#301,.T.);
#861=EDGE_CURVE('',#692,#693,#302,.T.);
#862=EDGE_CURVE('',#633,#693,#303,.T.);
#863=EDGE_CURVE('',#692,#632,#304,.T.);
#864=EDGE_CURVE('',#631,#694,#305,.T.);
#865=EDGE_CURVE('',#694,#692,#537,.T.);
#866=EDGE_CURVE('',#694,#628,#306,.T.);
#867=EDGE_CURVE('',#693,#695,#538,.T.);
#868=EDGE_CURVE('',#695,#634,#307,.T.);
#869=EDGE_CURVE('',#695,#644,#308,.T.);
#870=EDGE_CURVE('',#691,#696,#539,.T.);
#871=EDGE_CURVE('',#696,#642,#309,.T.);
#872=EDGE_CURVE('',#697,#698,#540,.T.);
#873=EDGE_CURVE('',#698,#699,#310,.T.);
#874=EDGE_CURVE('',#699,#700,#541,.T.);
#875=EDGE_CURVE('',#700,#697,#311,.T.);
#876=EDGE_CURVE('',#698,#701,#542,.T.);
#877=EDGE_CURVE('',#702,#701,#312,.T.);
#878=EDGE_CURVE('',#703,#702,#543,.T.);
#879=EDGE_CURVE('',#704,#703,#313,.T.);
#880=EDGE_CURVE('',#704,#705,#544,.T.);
#881=EDGE_CURVE('',#665,#705,#314,.T.);
#882=EDGE_CURVE('',#706,#664,#315,.T.);
#883=EDGE_CURVE('',#707,#706,#545,.T.);
#884=EDGE_CURVE('',#661,#707,#316,.T.);
#885=EDGE_CURVE('',#708,#660,#317,.T.);
#886=EDGE_CURVE('',#708,#709,#546,.T.);
#887=EDGE_CURVE('',#710,#709,#318,.T.);
#888=EDGE_CURVE('',#711,#710,#547,.T.);
#889=EDGE_CURVE('',#712,#711,#319,.T.);
#890=EDGE_CURVE('',#712,#713,#548,.T.);
#891=EDGE_CURVE('',#714,#713,#320,.T.);
#892=EDGE_CURVE('',#699,#714,#549,.T.);
#893=EDGE_CURVE('',#713,#715,#550,.T.);
#894=EDGE_CURVE('',#715,#716,#321,.T.);
#895=EDGE_CURVE('',#716,#714,#551,.T.);
#896=EDGE_CURVE('',#716,#700,#322,.T.);
#897=EDGE_CURVE('',#697,#715,#323,.T.);
#898=EDGE_CURVE('',#717,#712,#552,.T.);
#899=EDGE_CURVE('',#711,#718,#553,.T.);
#900=EDGE_CURVE('',#718,#717,#324,.T.);
#901=EDGE_CURVE('',#701,#719,#554,.T.);
#902=EDGE_CURVE('',#719,#720,#325,.T.);
#903=EDGE_CURVE('',#720,#702,#555,.T.);
#904=EDGE_CURVE('',#720,#718,#326,.T.);
#905=EDGE_CURVE('',#717,#719,#327,.T.);
#906=EDGE_CURVE('',#721,#721,#556,.F.);
#907=EDGE_CURVE('',#721,#722,#328,.T.);
#908=EDGE_CURVE('',#722,#722,#557,.F.);
#909=EDGE_CURVE('',#723,#723,#558,.T.);
#910=EDGE_CURVE('',#724,#724,#559,.T.);
#911=EDGE_CURVE('',#725,#710,#560,.T.);
#912=EDGE_CURVE('',#725,#726,#561,.F.);
#913=EDGE_CURVE('',#727,#726,#562,.T.);
#914=EDGE_CURVE('',#727,#728,#563,.T.);
#915=EDGE_CURVE('',#729,#728,#564,.T.);
#916=EDGE_CURVE('',#729,#730,#565,.F.);
#917=EDGE_CURVE('',#703,#730,#566,.T.);
#918=EDGE_CURVE('',#731,#732,#567,.T.);
#919=EDGE_CURVE('',#732,#733,#568,.T.);
#920=EDGE_CURVE('',#733,#734,#569,.T.);
#921=EDGE_CURVE('',#734,#731,#570,.T.);
#922=EDGE_CURVE('',#735,#736,#571,.T.);
#923=EDGE_CURVE('',#736,#737,#572,.T.);
#924=EDGE_CURVE('',#737,#738,#573,.T.);
#925=EDGE_CURVE('',#738,#735,#574,.T.);
#926=EDGE_CURVE('',#739,#740,#575,.T.);
#927=EDGE_CURVE('',#740,#741,#576,.T.);
#928=EDGE_CURVE('',#741,#742,#577,.T.);
#929=EDGE_CURVE('',#742,#739,#578,.T.);
#930=EDGE_CURVE('',#743,#744,#579,.T.);
#931=EDGE_CURVE('',#744,#745,#580,.T.);
#932=EDGE_CURVE('',#745,#746,#581,.T.);
#933=EDGE_CURVE('',#746,#743,#582,.T.);
#934=EDGE_CURVE('',#747,#748,#583,.T.);
#935=EDGE_CURVE('',#748,#749,#584,.T.);
#936=EDGE_CURVE('',#749,#750,#585,.T.);
#937=EDGE_CURVE('',#750,#747,#586,.T.);
#938=EDGE_CURVE('',#751,#752,#587,.T.);
#939=EDGE_CURVE('',#752,#753,#588,.T.);
#940=EDGE_CURVE('',#753,#754,#589,.T.);
#941=EDGE_CURVE('',#754,#751,#590,.T.);
#942=EDGE_CURVE('',#755,#755,#591,.F.);
#943=EDGE_CURVE('',#756,#756,#592,.F.);
#944=EDGE_CURVE('',#756,#755,#329,.T.);
#945=EDGE_CURVE('',#757,#757,#593,.T.);
#946=EDGE_CURVE('',#758,#758,#594,.T.);
#947=EDGE_CURVE('',#759,#759,#595,.T.);
#948=EDGE_CURVE('',#723,#758,#330,.T.);
#949=EDGE_CURVE('',#757,#759,#331,.T.);
#950=EDGE_CURVE('',#760,#760,#596,.F.);
#951=EDGE_CURVE('',#760,#724,#332,.T.);
#952=EDGE_CURVE('',#652,#761,#333,.T.);
#953=EDGE_CURVE('',#761,#761,#597,.T.);
#954=EDGE_CURVE('',#762,#762,#598,.T.);
#955=EDGE_CURVE('',#762,#761,#334,.T.);
#956=EDGE_CURVE('',#690,#763,#335,.T.);
#957=EDGE_CURVE('',#763,#763,#599,.T.);
#958=EDGE_CURVE('',#764,#764,#600,.T.);
#959=EDGE_CURVE('',#764,#763,#336,.T.);
#960=EDGE_CURVE('',#653,#765,#337,.T.);
#961=EDGE_CURVE('',#765,#765,#601,.T.);
#962=EDGE_CURVE('',#766,#766,#602,.T.);
#963=EDGE_CURVE('',#766,#765,#338,.T.);
#964=EDGE_CURVE('',#708,#767,#603,.F.);
#965=EDGE_CURVE('',#659,#767,#339,.T.);
#966=EDGE_CURVE('',#768,#658,#340,.T.);
#967=EDGE_CURVE('',#767,#768,#604,.T.);
#968=EDGE_CURVE('',#769,#768,#605,.T.);
#969=EDGE_CURVE('',#657,#769,#341,.T.);
#970=EDGE_CURVE('',#770,#769,#606,.T.);
#971=EDGE_CURVE('',#771,#656,#342,.T.);
#972=EDGE_CURVE('',#771,#772,#607,.T.);
#973=EDGE_CURVE('',#728,#772,#343,.T.);
#974=EDGE_CURVE('',#770,#727,#344,.T.);
#975=EDGE_CURVE('',#771,#773,#608,.F.);
#976=EDGE_CURVE('',#655,#773,#345,.T.);
#977=EDGE_CURVE('',#774,#654,#346,.T.);
#978=EDGE_CURVE('',#773,#774,#609,.T.);
#979=EDGE_CURVE('',#705,#774,#610,.T.);
#980=EDGE_CURVE('',#775,#706,#611,.T.);
#981=EDGE_CURVE('',#663,#775,#347,.T.);
#982=EDGE_CURVE('',#707,#776,#612,.T.);
#983=EDGE_CURVE('',#776,#662,#348,.T.);
#984=EDGE_CURVE('',#775,#776,#613,.T.);
#985=EDGE_CURVE('',#777,#704,#614,.F.);
#986=EDGE_CURVE('',#778,#777,#615,.F.);
#987=EDGE_CURVE('',#772,#778,#616,.F.);
#988=EDGE_CURVE('',#779,#779,#617,.T.);
#989=EDGE_CURVE('',#780,#770,#618,.F.);
#990=EDGE_CURVE('',#781,#780,#619,.F.);
#991=EDGE_CURVE('',#709,#781,#620,.F.);
#992=EDGE_CURVE('',#782,#782,#621,.T.);
#993=EDGE_CURVE('',#730,#777,#349,.T.);
#994=EDGE_CURVE('',#778,#729,#350,.T.);
#995=EDGE_CURVE('',#726,#780,#351,.T.);
#996=EDGE_CURVE('',#781,#725,#352,.T.);
#997=EDGE_CURVE('',#783,#783,#622,.T.);
#998=EDGE_CURVE('',#783,#779,#353,.T.);
#999=EDGE_CURVE('',#784,#784,#623,.T.);
#1000=EDGE_CURVE('',#784,#782,#354,.T.);
#1001=EDGE_CURVE('',#785,#785,#624,.F.);
#1002=EDGE_CURVE('',#651,#785,#355,.T.);
#1003=EDGE_CURVE('',#752,#686,#356,.T.);
#1004=EDGE_CURVE('',#753,#689,#357,.T.);
#1005=EDGE_CURVE('',#754,#688,#358,.T.);
#1006=EDGE_CURVE('',#751,#687,#359,.T.);
#1007=EDGE_CURVE('',#748,#682,#360,.T.);
#1008=EDGE_CURVE('',#749,#685,#361,.T.);
#1009=EDGE_CURVE('',#750,#684,#362,.T.);
#1010=EDGE_CURVE('',#747,#683,#363,.T.);
#1011=EDGE_CURVE('',#740,#678,#364,.T.);
#1012=EDGE_CURVE('',#741,#681,#365,.T.);
#1013=EDGE_CURVE('',#742,#680,#366,.T.);
#1014=EDGE_CURVE('',#739,#679,#367,.T.);
#1015=EDGE_CURVE('',#744,#674,#368,.T.);
#1016=EDGE_CURVE('',#745,#677,#369,.T.);
#1017=EDGE_CURVE('',#746,#676,#370,.T.);
#1018=EDGE_CURVE('',#743,#675,#371,.T.);
#1019=EDGE_CURVE('',#736,#670,#372,.T.);
#1020=EDGE_CURVE('',#737,#673,#373,.T.);
#1021=EDGE_CURVE('',#738,#672,#374,.T.);
#1022=EDGE_CURVE('',#735,#671,#375,.T.);
#1023=EDGE_CURVE('',#732,#666,#376,.T.);
#1024=EDGE_CURVE('',#733,#669,#377,.T.);
#1025=EDGE_CURVE('',#734,#668,#378,.T.);
#1026=EDGE_CURVE('',#731,#667,#379,.T.);
#1027=EDGE_CURVE('',#649,#647,#380,.F.);
#1028=EDGE_CURVE('',#696,#648,#381,.T.);
#1029=ORIENTED_EDGE('',*,*,#786,.T.);
#1030=ORIENTED_EDGE('',*,*,#787,.T.);
#1031=ORIENTED_EDGE('',*,*,#788,.T.);
#1032=ORIENTED_EDGE('',*,*,#789,.T.);
#1033=ORIENTED_EDGE('',*,*,#787,.F.);
#1034=ORIENTED_EDGE('',*,*,#790,.T.);
#1035=ORIENTED_EDGE('',*,*,#791,.F.);
#1036=ORIENTED_EDGE('',*,*,#792,.T.);
#1037=ORIENTED_EDGE('',*,*,#786,.F.);
#1038=ORIENTED_EDGE('',*,*,#793,.F.);
#1039=ORIENTED_EDGE('',*,*,#794,.F.);
#1040=ORIENTED_EDGE('',*,*,#795,.F.);
#1041=ORIENTED_EDGE('',*,*,#796,.F.);
#1042=ORIENTED_EDGE('',*,*,#797,.T.);
#1043=ORIENTED_EDGE('',*,*,#798,.F.);
#1044=ORIENTED_EDGE('',*,*,#799,.F.);
#1045=ORIENTED_EDGE('',*,*,#800,.F.);
#1046=ORIENTED_EDGE('',*,*,#801,.F.);
#1047=ORIENTED_EDGE('',*,*,#802,.F.);
#1048=ORIENTED_EDGE('',*,*,#803,.T.);
#1049=ORIENTED_EDGE('',*,*,#804,.F.);
#1050=ORIENTED_EDGE('',*,*,#805,.T.);
#1051=ORIENTED_EDGE('',*,*,#806,.F.);
#1052=ORIENTED_EDGE('',*,*,#790,.F.);
#1053=ORIENTED_EDGE('',*,*,#807,.T.);
#1054=ORIENTED_EDGE('',*,*,#808,.T.);
#1055=ORIENTED_EDGE('',*,*,#798,.T.);
#1056=ORIENTED_EDGE('',*,*,#809,.T.);
#1057=ORIENTED_EDGE('',*,*,#808,.F.);
#1058=ORIENTED_EDGE('',*,*,#810,.T.);
#1059=ORIENTED_EDGE('',*,*,#811,.F.);
#1060=ORIENTED_EDGE('',*,*,#799,.T.);
#1061=ORIENTED_EDGE('',*,*,#800,.T.);
#1062=ORIENTED_EDGE('',*,*,#811,.T.);
#1063=ORIENTED_EDGE('',*,*,#812,.T.);
#1064=ORIENTED_EDGE('',*,*,#813,.T.);
#1065=ORIENTED_EDGE('',*,*,#814,.T.);
#1066=ORIENTED_EDGE('',*,*,#791,.T.);
#1067=ORIENTED_EDGE('',*,*,#806,.T.);
#1068=ORIENTED_EDGE('',*,*,#815,.T.);
#1069=ORIENTED_EDGE('',*,*,#816,.T.);
#1070=ORIENTED_EDGE('',*,*,#817,.T.);
#1071=ORIENTED_EDGE('',*,*,#802,.T.);
#1072=ORIENTED_EDGE('',*,*,#818,.T.);
#1073=ORIENTED_EDGE('',*,*,#819,.T.);
#1074=ORIENTED_EDGE('',*,*,#820,.F.);
#1075=ORIENTED_EDGE('',*,*,#821,.F.);
#1076=ORIENTED_EDGE('',*,*,#822,.T.);
#1077=ORIENTED_EDGE('',*,*,#823,.F.);
#1078=ORIENTED_EDGE('',*,*,#824,.T.);
#1079=ORIENTED_EDGE('',*,*,#825,.F.);
#1080=ORIENTED_EDGE('',*,*,#826,.T.);
#1081=ORIENTED_EDGE('',*,*,#827,.F.);
#1082=ORIENTED_EDGE('',*,*,#828,.T.);
#1083=ORIENTED_EDGE('',*,*,#829,.F.);
#1084=ORIENTED_EDGE('',*,*,#830,.T.);
#1085=ORIENTED_EDGE('',*,*,#831,.F.);
#1086=ORIENTED_EDGE('',*,*,#832,.T.);
#1087=ORIENTED_EDGE('',*,*,#833,.F.);
#1088=ORIENTED_EDGE('',*,*,#834,.T.);
#1089=ORIENTED_EDGE('',*,*,#835,.T.);
#1090=ORIENTED_EDGE('',*,*,#836,.T.);
#1091=ORIENTED_EDGE('',*,*,#837,.T.);
#1092=ORIENTED_EDGE('',*,*,#838,.T.);
#1093=ORIENTED_EDGE('',*,*,#839,.T.);
#1094=ORIENTED_EDGE('',*,*,#840,.T.);
#1095=ORIENTED_EDGE('',*,*,#841,.T.);
#1096=ORIENTED_EDGE('',*,*,#842,.T.);
#1097=ORIENTED_EDGE('',*,*,#843,.T.);
#1098=ORIENTED_EDGE('',*,*,#844,.T.);
#1099=ORIENTED_EDGE('',*,*,#845,.T.);
#1100=ORIENTED_EDGE('',*,*,#846,.T.);
#1101=ORIENTED_EDGE('',*,*,#847,.T.);
#1102=ORIENTED_EDGE('',*,*,#848,.T.);
#1103=ORIENTED_EDGE('',*,*,#849,.T.);
#1104=ORIENTED_EDGE('',*,*,#850,.T.);
#1105=ORIENTED_EDGE('',*,*,#851,.T.);
#1106=ORIENTED_EDGE('',*,*,#852,.T.);
#1107=ORIENTED_EDGE('',*,*,#853,.T.);
#1108=ORIENTED_EDGE('',*,*,#854,.T.);
#1109=ORIENTED_EDGE('',*,*,#855,.T.);
#1110=ORIENTED_EDGE('',*,*,#856,.T.);
#1111=ORIENTED_EDGE('',*,*,#857,.T.);
#1112=ORIENTED_EDGE('',*,*,#858,.F.);
#1113=ORIENTED_EDGE('',*,*,#803,.F.);
#1114=ORIENTED_EDGE('',*,*,#817,.F.);
#1115=ORIENTED_EDGE('',*,*,#859,.F.);
#1116=ORIENTED_EDGE('',*,*,#860,.F.);
#1117=ORIENTED_EDGE('',*,*,#861,.T.);
#1118=ORIENTED_EDGE('',*,*,#862,.F.);
#1119=ORIENTED_EDGE('',*,*,#795,.T.);
#1120=ORIENTED_EDGE('',*,*,#863,.F.);
#1121=ORIENTED_EDGE('',*,*,#794,.T.);
#1122=ORIENTED_EDGE('',*,*,#864,.T.);
#1123=ORIENTED_EDGE('',*,*,#865,.T.);
#1124=ORIENTED_EDGE('',*,*,#863,.T.);
#1125=ORIENTED_EDGE('',*,*,#789,.F.);
#1126=ORIENTED_EDGE('',*,*,#866,.F.);
#1127=ORIENTED_EDGE('',*,*,#864,.F.);
#1128=ORIENTED_EDGE('',*,*,#793,.T.);
#1129=ORIENTED_EDGE('',*,*,#867,.T.);
#1130=ORIENTED_EDGE('',*,*,#868,.T.);
#1131=ORIENTED_EDGE('',*,*,#796,.T.);
#1132=ORIENTED_EDGE('',*,*,#862,.T.);
#1133=ORIENTED_EDGE('',*,*,#809,.F.);
#1134=ORIENTED_EDGE('',*,*,#797,.F.);
#1135=ORIENTED_EDGE('',*,*,#868,.F.);
#1136=ORIENTED_EDGE('',*,*,#869,.T.);
#1137=ORIENTED_EDGE('',*,*,#804,.T.);
#1138=ORIENTED_EDGE('',*,*,#860,.T.);
#1139=ORIENTED_EDGE('',*,*,#870,.T.);
#1140=ORIENTED_EDGE('',*,*,#871,.T.);
#1141=ORIENTED_EDGE('',*,*,#872,.T.);
#1142=ORIENTED_EDGE('',*,*,#873,.T.);
#1143=ORIENTED_EDGE('',*,*,#874,.T.);
#1144=ORIENTED_EDGE('',*,*,#875,.T.);
#1145=ORIENTED_EDGE('',*,*,#873,.F.);
#1146=ORIENTED_EDGE('',*,*,#876,.T.);
#1147=ORIENTED_EDGE('',*,*,#877,.F.);
#1148=ORIENTED_EDGE('',*,*,#878,.F.);
#1149=ORIENTED_EDGE('',*,*,#879,.F.);
#1150=ORIENTED_EDGE('',*,*,#880,.T.);
#1151=ORIENTED_EDGE('',*,*,#881,.F.);
#1152=ORIENTED_EDGE('',*,*,#832,.F.);
#1153=ORIENTED_EDGE('',*,*,#882,.F.);
#1154=ORIENTED_EDGE('',*,*,#883,.F.);
#1155=ORIENTED_EDGE('',*,*,#884,.F.);
#1156=ORIENTED_EDGE('',*,*,#828,.F.);
#1157=ORIENTED_EDGE('',*,*,#885,.F.);
#1158=ORIENTED_EDGE('',*,*,#886,.T.);
#1159=ORIENTED_EDGE('',*,*,#887,.F.);
#1160=ORIENTED_EDGE('',*,*,#888,.F.);
#1161=ORIENTED_EDGE('',*,*,#889,.F.);
#1162=ORIENTED_EDGE('',*,*,#890,.T.);
#1163=ORIENTED_EDGE('',*,*,#891,.F.);
#1164=ORIENTED_EDGE('',*,*,#892,.F.);
#1165=ORIENTED_EDGE('',*,*,#893,.T.);
#1166=ORIENTED_EDGE('',*,*,#894,.T.);
#1167=ORIENTED_EDGE('',*,*,#895,.T.);
#1168=ORIENTED_EDGE('',*,*,#891,.T.);
#1169=ORIENTED_EDGE('',*,*,#875,.F.);
#1170=ORIENTED_EDGE('',*,*,#896,.F.);
#1171=ORIENTED_EDGE('',*,*,#894,.F.);
#1172=ORIENTED_EDGE('',*,*,#897,.F.);
#1173=ORIENTED_EDGE('',*,*,#898,.T.);
#1174=ORIENTED_EDGE('',*,*,#889,.T.);
#1175=ORIENTED_EDGE('',*,*,#899,.T.);
#1176=ORIENTED_EDGE('',*,*,#900,.T.);
#1177=ORIENTED_EDGE('',*,*,#901,.T.);
#1178=ORIENTED_EDGE('',*,*,#902,.T.);
#1179=ORIENTED_EDGE('',*,*,#903,.T.);
#1180=ORIENTED_EDGE('',*,*,#877,.T.);
#1181=ORIENTED_EDGE('',*,*,#900,.F.);
#1182=ORIENTED_EDGE('',*,*,#904,.F.);
#1183=ORIENTED_EDGE('',*,*,#902,.F.);
#1184=ORIENTED_EDGE('',*,*,#905,.F.);
#1185=ORIENTED_EDGE('',*,*,#906,.F.);
#1186=ORIENTED_EDGE('',*,*,#907,.T.);
#1187=ORIENTED_EDGE('',*,*,#908,.F.);
#1188=ORIENTED_EDGE('',*,*,#907,.F.);
#1189=ORIENTED_EDGE('',*,*,#906,.T.);
#1190=ORIENTED_EDGE('',*,*,#909,.T.);
#1191=ORIENTED_EDGE('',*,*,#910,.T.);
#1192=ORIENTED_EDGE('',*,*,#904,.T.);
#1193=ORIENTED_EDGE('',*,*,#899,.F.);
#1194=ORIENTED_EDGE('',*,*,#888,.T.);
#1195=ORIENTED_EDGE('',*,*,#911,.F.);
#1196=ORIENTED_EDGE('',*,*,#912,.T.);
#1197=ORIENTED_EDGE('',*,*,#913,.F.);
#1198=ORIENTED_EDGE('',*,*,#914,.T.);
#1199=ORIENTED_EDGE('',*,*,#915,.F.);
#1200=ORIENTED_EDGE('',*,*,#916,.T.);
#1201=ORIENTED_EDGE('',*,*,#917,.F.);
#1202=ORIENTED_EDGE('',*,*,#878,.T.);
#1203=ORIENTED_EDGE('',*,*,#903,.F.);
#1204=ORIENTED_EDGE('',*,*,#918,.T.);
#1205=ORIENTED_EDGE('',*,*,#919,.T.);
#1206=ORIENTED_EDGE('',*,*,#920,.T.);
#1207=ORIENTED_EDGE('',*,*,#921,.T.);
#1208=ORIENTED_EDGE('',*,*,#922,.T.);
#1209=ORIENTED_EDGE('',*,*,#923,.T.);
#1210=ORIENTED_EDGE('',*,*,#924,.T.);
#1211=ORIENTED_EDGE('',*,*,#925,.T.);
#1212=ORIENTED_EDGE('',*,*,#926,.T.);
#1213=ORIENTED_EDGE('',*,*,#927,.T.);
#1214=ORIENTED_EDGE('',*,*,#928,.T.);
#1215=ORIENTED_EDGE('',*,*,#929,.T.);
#1216=ORIENTED_EDGE('',*,*,#930,.T.);
#1217=ORIENTED_EDGE('',*,*,#931,.T.);
#1218=ORIENTED_EDGE('',*,*,#932,.T.);
#1219=ORIENTED_EDGE('',*,*,#933,.T.);
#1220=ORIENTED_EDGE('',*,*,#934,.T.);
#1221=ORIENTED_EDGE('',*,*,#935,.T.);
#1222=ORIENTED_EDGE('',*,*,#936,.T.);
#1223=ORIENTED_EDGE('',*,*,#937,.T.);
#1224=ORIENTED_EDGE('',*,*,#938,.T.);
#1225=ORIENTED_EDGE('',*,*,#939,.T.);
#1226=ORIENTED_EDGE('',*,*,#940,.T.);
#1227=ORIENTED_EDGE('',*,*,#941,.T.);
#1228=ORIENTED_EDGE('',*,*,#908,.T.);
#1229=ORIENTED_EDGE('',*,*,#942,.T.);
#1230=ORIENTED_EDGE('',*,*,#896,.T.);
#1231=ORIENTED_EDGE('',*,*,#874,.F.);
#1232=ORIENTED_EDGE('',*,*,#892,.T.);
#1233=ORIENTED_EDGE('',*,*,#895,.F.);
#1234=ORIENTED_EDGE('',*,*,#943,.F.);
#1235=ORIENTED_EDGE('',*,*,#944,.T.);
#1236=ORIENTED_EDGE('',*,*,#942,.F.);
#1237=ORIENTED_EDGE('',*,*,#944,.F.);
#1238=ORIENTED_EDGE('',*,*,#943,.T.);
#1239=ORIENTED_EDGE('',*,*,#945,.T.);
#1240=ORIENTED_EDGE('',*,*,#890,.F.);
#1241=ORIENTED_EDGE('',*,*,#898,.F.);
#1242=ORIENTED_EDGE('',*,*,#905,.T.);
#1243=ORIENTED_EDGE('',*,*,#901,.F.);
#1244=ORIENTED_EDGE('',*,*,#876,.F.);
#1245=ORIENTED_EDGE('',*,*,#872,.F.);
#1246=ORIENTED_EDGE('',*,*,#897,.T.);
#1247=ORIENTED_EDGE('',*,*,#893,.F.);
#1248=ORIENTED_EDGE('',*,*,#946,.T.);
#1249=ORIENTED_EDGE('',*,*,#947,.T.);
#1250=ORIENTED_EDGE('',*,*,#909,.F.);
#1251=ORIENTED_EDGE('',*,*,#948,.T.);
#1252=ORIENTED_EDGE('',*,*,#946,.F.);
#1253=ORIENTED_EDGE('',*,*,#948,.F.);
#1254=ORIENTED_EDGE('',*,*,#945,.F.);
#1255=ORIENTED_EDGE('',*,*,#949,.T.);
#1256=ORIENTED_EDGE('',*,*,#947,.F.);
#1257=ORIENTED_EDGE('',*,*,#949,.F.);
#1258=ORIENTED_EDGE('',*,*,#950,.F.);
#1259=ORIENTED_EDGE('',*,*,#951,.T.);
#1260=ORIENTED_EDGE('',*,*,#910,.F.);
#1261=ORIENTED_EDGE('',*,*,#951,.F.);
#1262=ORIENTED_EDGE('',*,*,#820,.T.);
#1263=ORIENTED_EDGE('',*,*,#952,.T.);
#1264=ORIENTED_EDGE('',*,*,#953,.T.);
#1265=ORIENTED_EDGE('',*,*,#952,.F.);
#1266=ORIENTED_EDGE('',*,*,#954,.F.);
#1267=ORIENTED_EDGE('',*,*,#955,.T.);
#1268=ORIENTED_EDGE('',*,*,#953,.F.);
#1269=ORIENTED_EDGE('',*,*,#955,.F.);
#1270=ORIENTED_EDGE('',*,*,#858,.T.);
#1271=ORIENTED_EDGE('',*,*,#956,.T.);
#1272=ORIENTED_EDGE('',*,*,#957,.T.);
#1273=ORIENTED_EDGE('',*,*,#956,.F.);
#1274=ORIENTED_EDGE('',*,*,#958,.F.);
#1275=ORIENTED_EDGE('',*,*,#959,.T.);
#1276=ORIENTED_EDGE('',*,*,#957,.F.);
#1277=ORIENTED_EDGE('',*,*,#959,.F.);
#1278=ORIENTED_EDGE('',*,*,#821,.T.);
#1279=ORIENTED_EDGE('',*,*,#960,.T.);
#1280=ORIENTED_EDGE('',*,*,#961,.T.);
#1281=ORIENTED_EDGE('',*,*,#960,.F.);
#1282=ORIENTED_EDGE('',*,*,#962,.F.);
#1283=ORIENTED_EDGE('',*,*,#963,.T.);
#1284=ORIENTED_EDGE('',*,*,#961,.F.);
#1285=ORIENTED_EDGE('',*,*,#963,.F.);
#1286=ORIENTED_EDGE('',*,*,#964,.F.);
#1287=ORIENTED_EDGE('',*,*,#885,.T.);
#1288=ORIENTED_EDGE('',*,*,#827,.T.);
#1289=ORIENTED_EDGE('',*,*,#965,.T.);
#1290=ORIENTED_EDGE('',*,*,#965,.F.);
#1291=ORIENTED_EDGE('',*,*,#826,.F.);
#1292=ORIENTED_EDGE('',*,*,#966,.F.);
#1293=ORIENTED_EDGE('',*,*,#967,.F.);
#1294=ORIENTED_EDGE('',*,*,#968,.T.);
#1295=ORIENTED_EDGE('',*,*,#966,.T.);
#1296=ORIENTED_EDGE('',*,*,#825,.T.);
#1297=ORIENTED_EDGE('',*,*,#969,.T.);
#1298=ORIENTED_EDGE('',*,*,#970,.T.);
#1299=ORIENTED_EDGE('',*,*,#969,.F.);
#1300=ORIENTED_EDGE('',*,*,#824,.F.);
#1301=ORIENTED_EDGE('',*,*,#971,.F.);
#1302=ORIENTED_EDGE('',*,*,#972,.T.);
#1303=ORIENTED_EDGE('',*,*,#973,.F.);
#1304=ORIENTED_EDGE('',*,*,#914,.F.);
#1305=ORIENTED_EDGE('',*,*,#974,.F.);
#1306=ORIENTED_EDGE('',*,*,#975,.F.);
#1307=ORIENTED_EDGE('',*,*,#971,.T.);
#1308=ORIENTED_EDGE('',*,*,#823,.T.);
#1309=ORIENTED_EDGE('',*,*,#976,.T.);
#1310=ORIENTED_EDGE('',*,*,#976,.F.);
#1311=ORIENTED_EDGE('',*,*,#822,.F.);
#1312=ORIENTED_EDGE('',*,*,#977,.F.);
#1313=ORIENTED_EDGE('',*,*,#978,.F.);
#1314=ORIENTED_EDGE('',*,*,#979,.T.);
#1315=ORIENTED_EDGE('',*,*,#977,.T.);
#1316=ORIENTED_EDGE('',*,*,#833,.T.);
#1317=ORIENTED_EDGE('',*,*,#881,.T.);
#1318=ORIENTED_EDGE('',*,*,#980,.T.);
#1319=ORIENTED_EDGE('',*,*,#882,.T.);
#1320=ORIENTED_EDGE('',*,*,#831,.T.);
#1321=ORIENTED_EDGE('',*,*,#981,.T.);
#1322=ORIENTED_EDGE('',*,*,#982,.T.);
#1323=ORIENTED_EDGE('',*,*,#983,.T.);
#1324=ORIENTED_EDGE('',*,*,#829,.T.);
#1325=ORIENTED_EDGE('',*,*,#884,.T.);
#1326=ORIENTED_EDGE('',*,*,#981,.F.);
#1327=ORIENTED_EDGE('',*,*,#830,.F.);
#1328=ORIENTED_EDGE('',*,*,#983,.F.);
#1329=ORIENTED_EDGE('',*,*,#984,.F.);
#1330=ORIENTED_EDGE('',*,*,#985,.F.);
#1331=ORIENTED_EDGE('',*,*,#986,.F.);
#1332=ORIENTED_EDGE('',*,*,#987,.F.);
#1333=ORIENTED_EDGE('',*,*,#972,.F.);
#1334=ORIENTED_EDGE('',*,*,#975,.T.);
#1335=ORIENTED_EDGE('',*,*,#978,.T.);
#1336=ORIENTED_EDGE('',*,*,#979,.F.);
#1337=ORIENTED_EDGE('',*,*,#880,.F.);
#1338=ORIENTED_EDGE('',*,*,#988,.T.);
#1339=ORIENTED_EDGE('',*,*,#984,.T.);
#1340=ORIENTED_EDGE('',*,*,#982,.F.);
#1341=ORIENTED_EDGE('',*,*,#883,.T.);
#1342=ORIENTED_EDGE('',*,*,#980,.F.);
#1343=ORIENTED_EDGE('',*,*,#886,.F.);
#1344=ORIENTED_EDGE('',*,*,#964,.T.);
#1345=ORIENTED_EDGE('',*,*,#967,.T.);
#1346=ORIENTED_EDGE('',*,*,#968,.F.);
#1347=ORIENTED_EDGE('',*,*,#970,.F.);
#1348=ORIENTED_EDGE('',*,*,#989,.F.);
#1349=ORIENTED_EDGE('',*,*,#990,.F.);
#1350=ORIENTED_EDGE('',*,*,#991,.F.);
#1351=ORIENTED_EDGE('',*,*,#992,.T.);
#1352=ORIENTED_EDGE('',*,*,#917,.T.);
#1353=ORIENTED_EDGE('',*,*,#993,.T.);
#1354=ORIENTED_EDGE('',*,*,#985,.T.);
#1355=ORIENTED_EDGE('',*,*,#879,.T.);
#1356=ORIENTED_EDGE('',*,*,#993,.F.);
#1357=ORIENTED_EDGE('',*,*,#916,.F.);
#1358=ORIENTED_EDGE('',*,*,#994,.F.);
#1359=ORIENTED_EDGE('',*,*,#986,.T.);
#1360=ORIENTED_EDGE('',*,*,#915,.T.);
#1361=ORIENTED_EDGE('',*,*,#973,.T.);
#1362=ORIENTED_EDGE('',*,*,#987,.T.);
#1363=ORIENTED_EDGE('',*,*,#994,.T.);
#1364=ORIENTED_EDGE('',*,*,#913,.T.);
#1365=ORIENTED_EDGE('',*,*,#995,.T.);
#1366=ORIENTED_EDGE('',*,*,#989,.T.);
#1367=ORIENTED_EDGE('',*,*,#974,.T.);
#1368=ORIENTED_EDGE('',*,*,#995,.F.);
#1369=ORIENTED_EDGE('',*,*,#912,.F.);
#1370=ORIENTED_EDGE('',*,*,#996,.F.);
#1371=ORIENTED_EDGE('',*,*,#990,.T.);
#1372=ORIENTED_EDGE('',*,*,#911,.T.);
#1373=ORIENTED_EDGE('',*,*,#887,.T.);
#1374=ORIENTED_EDGE('',*,*,#991,.T.);
#1375=ORIENTED_EDGE('',*,*,#996,.T.);
#1376=ORIENTED_EDGE('',*,*,#962,.T.);
#1377=ORIENTED_EDGE('',*,*,#997,.F.);
#1378=ORIENTED_EDGE('',*,*,#998,.T.);
#1379=ORIENTED_EDGE('',*,*,#988,.F.);
#1380=ORIENTED_EDGE('',*,*,#998,.F.);
#1381=ORIENTED_EDGE('',*,*,#958,.T.);
#1382=ORIENTED_EDGE('',*,*,#997,.T.);
#1383=ORIENTED_EDGE('',*,*,#999,.F.);
#1384=ORIENTED_EDGE('',*,*,#1000,.T.);
#1385=ORIENTED_EDGE('',*,*,#992,.F.);
#1386=ORIENTED_EDGE('',*,*,#1000,.F.);
#1387=ORIENTED_EDGE('',*,*,#954,.T.);
#1388=ORIENTED_EDGE('',*,*,#999,.T.);
#1389=ORIENTED_EDGE('',*,*,#1001,.F.);
#1390=ORIENTED_EDGE('',*,*,#950,.T.);
#1391=ORIENTED_EDGE('',*,*,#819,.F.);
#1392=ORIENTED_EDGE('',*,*,#1002,.T.);
#1393=ORIENTED_EDGE('',*,*,#1001,.T.);
#1394=ORIENTED_EDGE('',*,*,#1002,.F.);
#1395=ORIENTED_EDGE('',*,*,#939,.F.);
#1396=ORIENTED_EDGE('',*,*,#1003,.T.);
#1397=ORIENTED_EDGE('',*,*,#857,.F.);
#1398=ORIENTED_EDGE('',*,*,#1004,.F.);
#1399=ORIENTED_EDGE('',*,*,#940,.F.);
#1400=ORIENTED_EDGE('',*,*,#1004,.T.);
#1401=ORIENTED_EDGE('',*,*,#856,.F.);
#1402=ORIENTED_EDGE('',*,*,#1005,.F.);
#1403=ORIENTED_EDGE('',*,*,#941,.F.);
#1404=ORIENTED_EDGE('',*,*,#1005,.T.);
#1405=ORIENTED_EDGE('',*,*,#855,.F.);
#1406=ORIENTED_EDGE('',*,*,#1006,.F.);
#1407=ORIENTED_EDGE('',*,*,#938,.F.);
#1408=ORIENTED_EDGE('',*,*,#1006,.T.);
#1409=ORIENTED_EDGE('',*,*,#854,.F.);
#1410=ORIENTED_EDGE('',*,*,#1003,.F.);
#1411=ORIENTED_EDGE('',*,*,#935,.F.);
#1412=ORIENTED_EDGE('',*,*,#1007,.T.);
#1413=ORIENTED_EDGE('',*,*,#853,.F.);
#1414=ORIENTED_EDGE('',*,*,#1008,.F.);
#1415=ORIENTED_EDGE('',*,*,#936,.F.);
#1416=ORIENTED_EDGE('',*,*,#1008,.T.);
#1417=ORIENTED_EDGE('',*,*,#852,.F.);
#1418=ORIENTED_EDGE('',*,*,#1009,.F.);
#1419=ORIENTED_EDGE('',*,*,#937,.F.);
#1420=ORIENTED_EDGE('',*,*,#1009,.T.);
#1421=ORIENTED_EDGE('',*,*,#851,.F.);
#1422=ORIENTED_EDGE('',*,*,#1010,.F.);
#1423=ORIENTED_EDGE('',*,*,#934,.F.);
#1424=ORIENTED_EDGE('',*,*,#1010,.T.);
#1425=ORIENTED_EDGE('',*,*,#850,.F.);
#1426=ORIENTED_EDGE('',*,*,#1007,.F.);
#1427=ORIENTED_EDGE('',*,*,#927,.F.);
#1428=ORIENTED_EDGE('',*,*,#1011,.T.);
#1429=ORIENTED_EDGE('',*,*,#849,.F.);
#1430=ORIENTED_EDGE('',*,*,#1012,.F.);
#1431=ORIENTED_EDGE('',*,*,#928,.F.);
#1432=ORIENTED_EDGE('',*,*,#1012,.T.);
#1433=ORIENTED_EDGE('',*,*,#848,.F.);
#1434=ORIENTED_EDGE('',*,*,#1013,.F.);
#1435=ORIENTED_EDGE('',*,*,#929,.F.);
#1436=ORIENTED_EDGE('',*,*,#1013,.T.);
#1437=ORIENTED_EDGE('',*,*,#847,.F.);
#1438=ORIENTED_EDGE('',*,*,#1014,.F.);
#1439=ORIENTED_EDGE('',*,*,#926,.F.);
#1440=ORIENTED_EDGE('',*,*,#1014,.T.);
#1441=ORIENTED_EDGE('',*,*,#846,.F.);
#1442=ORIENTED_EDGE('',*,*,#1011,.F.);
#1443=ORIENTED_EDGE('',*,*,#931,.F.);
#1444=ORIENTED_EDGE('',*,*,#1015,.T.);
#1445=ORIENTED_EDGE('',*,*,#845,.F.);
#1446=ORIENTED_EDGE('',*,*,#1016,.F.);
#1447=ORIENTED_EDGE('',*,*,#932,.F.);
#1448=ORIENTED_EDGE('',*,*,#1016,.T.);
#1449=ORIENTED_EDGE('',*,*,#844,.F.);
#1450=ORIENTED_EDGE('',*,*,#1017,.F.);
#1451=ORIENTED_EDGE('',*,*,#933,.F.);
#1452=ORIENTED_EDGE('',*,*,#1017,.T.);
#1453=ORIENTED_EDGE('',*,*,#843,.F.);
#1454=ORIENTED_EDGE('',*,*,#1018,.F.);
#1455=ORIENTED_EDGE('',*,*,#930,.F.);
#1456=ORIENTED_EDGE('',*,*,#1018,.T.);
#1457=ORIENTED_EDGE('',*,*,#842,.F.);
#1458=ORIENTED_EDGE('',*,*,#1015,.F.);
#1459=ORIENTED_EDGE('',*,*,#923,.F.);
#1460=ORIENTED_EDGE('',*,*,#1019,.T.);
#1461=ORIENTED_EDGE('',*,*,#841,.F.);
#1462=ORIENTED_EDGE('',*,*,#1020,.F.);
#1463=ORIENTED_EDGE('',*,*,#924,.F.);
#1464=ORIENTED_EDGE('',*,*,#1020,.T.);
#1465=ORIENTED_EDGE('',*,*,#840,.F.);
#1466=ORIENTED_EDGE('',*,*,#1021,.F.);
#1467=ORIENTED_EDGE('',*,*,#925,.F.);
#1468=ORIENTED_EDGE('',*,*,#1021,.T.);
#1469=ORIENTED_EDGE('',*,*,#839,.F.);
#1470=ORIENTED_EDGE('',*,*,#1022,.F.);
#1471=ORIENTED_EDGE('',*,*,#922,.F.);
#1472=ORIENTED_EDGE('',*,*,#1022,.T.);
#1473=ORIENTED_EDGE('',*,*,#838,.F.);
#1474=ORIENTED_EDGE('',*,*,#1019,.F.);
#1475=ORIENTED_EDGE('',*,*,#919,.F.);
#1476=ORIENTED_EDGE('',*,*,#1023,.T.);
#1477=ORIENTED_EDGE('',*,*,#837,.F.);
#1478=ORIENTED_EDGE('',*,*,#1024,.F.);
#1479=ORIENTED_EDGE('',*,*,#920,.F.);
#1480=ORIENTED_EDGE('',*,*,#1024,.T.);
#1481=ORIENTED_EDGE('',*,*,#836,.F.);
#1482=ORIENTED_EDGE('',*,*,#1025,.F.);
#1483=ORIENTED_EDGE('',*,*,#921,.F.);
#1484=ORIENTED_EDGE('',*,*,#1025,.T.);
#1485=ORIENTED_EDGE('',*,*,#835,.F.);
#1486=ORIENTED_EDGE('',*,*,#1026,.F.);
#1487=ORIENTED_EDGE('',*,*,#918,.F.);
#1488=ORIENTED_EDGE('',*,*,#1026,.T.);
#1489=ORIENTED_EDGE('',*,*,#834,.F.);
#1490=ORIENTED_EDGE('',*,*,#1023,.F.);
#1491=ORIENTED_EDGE('',*,*,#813,.F.);
#1492=ORIENTED_EDGE('',*,*,#1027,.F.);
#1493=ORIENTED_EDGE('',*,*,#818,.F.);
#1494=ORIENTED_EDGE('',*,*,#801,.T.);
#1495=ORIENTED_EDGE('',*,*,#788,.F.);
#1496=ORIENTED_EDGE('',*,*,#792,.F.);
#1497=ORIENTED_EDGE('',*,*,#814,.F.);
#1498=ORIENTED_EDGE('',*,*,#1028,.F.);
#1499=ORIENTED_EDGE('',*,*,#870,.F.);
#1500=ORIENTED_EDGE('',*,*,#859,.T.);
#1501=ORIENTED_EDGE('',*,*,#816,.F.);
#1502=ORIENTED_EDGE('',*,*,#1027,.T.);
#1503=ORIENTED_EDGE('',*,*,#812,.F.);
#1504=ORIENTED_EDGE('',*,*,#810,.F.);
#1505=ORIENTED_EDGE('',*,*,#807,.F.);
#1506=ORIENTED_EDGE('',*,*,#869,.F.);
#1507=ORIENTED_EDGE('',*,*,#867,.F.);
#1508=ORIENTED_EDGE('',*,*,#861,.F.);
#1509=ORIENTED_EDGE('',*,*,#865,.F.);
#1510=ORIENTED_EDGE('',*,*,#866,.T.);
#1511=ORIENTED_EDGE('',*,*,#815,.F.);
#1512=ORIENTED_EDGE('',*,*,#805,.F.);
#1513=ORIENTED_EDGE('',*,*,#871,.F.);
#1514=ORIENTED_EDGE('',*,*,#1028,.T.);
#1515=CYLINDRICAL_SURFACE('',#1682,2.);
#1516=CYLINDRICAL_SURFACE('',#1694,2.);
#1517=CYLINDRICAL_SURFACE('',#1697,2.);
#1518=CYLINDRICAL_SURFACE('',#1699,2.);
#1519=CYLINDRICAL_SURFACE('',#1701,2.);
#1520=CYLINDRICAL_SURFACE('',#1744,2.);
#1521=CYLINDRICAL_SURFACE('',#1747,2.);
#1522=CYLINDRICAL_SURFACE('',#1750,2.);
#1523=CYLINDRICAL_SURFACE('',#1752,1.5);
#1524=CYLINDRICAL_SURFACE('',#1755,17.5);
#1525=CYLINDRICAL_SURFACE('',#1764,1.5);
#1526=CYLINDRICAL_SURFACE('',#1768,1.5);
#1527=CYLINDRICAL_SURFACE('',#1771,1.5);
#1528=CYLINDRICAL_SURFACE('',#1775,4.4);
#1529=CYLINDRICAL_SURFACE('',#1814,4.4);
#1530=CYLINDRICAL_SURFACE('',#1821,3.6);
#1531=CYLINDRICAL_SURFACE('',#1822,3.6);
#1532=CYLINDRICAL_SURFACE('',#1823,24.5);
#1533=CYLINDRICAL_SURFACE('',#1827,2.5);
#1534=CYLINDRICAL_SURFACE('',#1831,2.5);
#1535=CYLINDRICAL_SURFACE('',#1835,2.5);
#1536=CYLINDRICAL_SURFACE('',#1837,2.);
#1537=CYLINDRICAL_SURFACE('',#1839,5.5);
#1538=CYLINDRICAL_SURFACE('',#1841,2.);
#1539=CYLINDRICAL_SURFACE('',#1843,17.5);
#1540=CYLINDRICAL_SURFACE('',#1846,2.);
#1541=CYLINDRICAL_SURFACE('',#1848,5.5);
#1542=CYLINDRICAL_SURFACE('',#1850,2.);
#1543=CYLINDRICAL_SURFACE('',#1852,2.);
#1544=CYLINDRICAL_SURFACE('',#1854,2.);
#1545=CYLINDRICAL_SURFACE('',#1856,4.99999999999998);
#1546=CYLINDRICAL_SURFACE('',#1869,2.);
#1547=CYLINDRICAL_SURFACE('',#1870,4.5);
#1548=CYLINDRICAL_SURFACE('',#1871,2.);
#1549=CYLINDRICAL_SURFACE('',#1872,2.);
#1550=CYLINDRICAL_SURFACE('',#1873,4.5);
#1551=CYLINDRICAL_SURFACE('',#1874,2.);
#1552=CYLINDRICAL_SURFACE('',#1876,1.1);
#1553=CYLINDRICAL_SURFACE('',#1879,1.1);
#1554=CYLINDRICAL_SURFACE('',#1884,26.5);
#1555=CYLINDRICAL_SURFACE('',#1885,1.6);
#1556=CYLINDRICAL_SURFACE('',#1886,22.6);
#1557=CYLINDRICAL_SURFACE('',#1887,1.6);
#1558=CYLINDRICAL_SURFACE('',#1888,19.4);
#1559=CYLINDRICAL_SURFACE('',#1889,1.6);
#1560=CYLINDRICAL_SURFACE('',#1890,22.6);
#1561=CYLINDRICAL_SURFACE('',#1891,1.6);
#1562=CYLINDRICAL_SURFACE('',#1892,19.4);
#1563=CYLINDRICAL_SURFACE('',#1893,1.6);
#1564=CYLINDRICAL_SURFACE('',#1894,22.6);
#1565=CYLINDRICAL_SURFACE('',#1895,1.6);
#1566=CYLINDRICAL_SURFACE('',#1896,19.4);
#1567=CYLINDRICAL_SURFACE('',#1897,1.6);
#1568=CYLINDRICAL_SURFACE('',#1898,22.6);
#1569=CYLINDRICAL_SURFACE('',#1899,1.59999999999999);
#1570=CYLINDRICAL_SURFACE('',#1900,19.4);
#1571=CYLINDRICAL_SURFACE('',#1901,1.59999999999999);
#1572=CYLINDRICAL_SURFACE('',#1902,22.6);
#1573=CYLINDRICAL_SURFACE('',#1903,1.6);
#1574=CYLINDRICAL_SURFACE('',#1904,19.4);
#1575=CYLINDRICAL_SURFACE('',#1905,1.6);
#1576=CYLINDRICAL_SURFACE('',#1906,22.6);
#1577=CYLINDRICAL_SURFACE('',#1907,1.6);
#1578=CYLINDRICAL_SURFACE('',#1908,19.4);
#1579=ADVANCED_FACE('',(#71),#1515,.T.);
#1580=ADVANCED_FACE('',(#72),#49,.T.);
#1581=ADVANCED_FACE('',(#73),#50,.T.);
#1582=ADVANCED_FACE('',(#74),#1516,.F.);
#1583=ADVANCED_FACE('',(#75),#51,.F.);
#1584=ADVANCED_FACE('',(#76),#1517,.F.);
#1585=ADVANCED_FACE('',(#77),#1518,.T.);
#1586=ADVANCED_FACE('',(#78),#1519,.F.);
#1587=ADVANCED_FACE('',(#79,#18,#19,#20,#21,#22,#23,#24,#25,#26,#27,#28,
#29),#52,.T.);
#1588=ADVANCED_FACE('',(#80),#1520,.F.);
#1589=ADVANCED_FACE('',(#81),#53,.T.);
#1590=ADVANCED_FACE('',(#82),#1521,.F.);
#1591=ADVANCED_FACE('',(#83),#54,.T.);
#1592=ADVANCED_FACE('',(#84),#1522,.F.);
#1593=ADVANCED_FACE('',(#85),#1523,.F.);
#1594=ADVANCED_FACE('',(#86),#1524,.F.);
#1595=ADVANCED_FACE('',(#87),#1525,.F.);
#1596=ADVANCED_FACE('',(#88),#55,.T.);
#1597=ADVANCED_FACE('',(#89),#1526,.F.);
#1598=ADVANCED_FACE('',(#90),#1527,.F.);
#1599=ADVANCED_FACE('',(#91),#56,.T.);
#1600=ADVANCED_FACE('',(#92),#1528,.T.);
#1601=ADVANCED_FACE('',(#93,#30),#57,.T.);
#1602=ADVANCED_FACE('',(#94,#31,#32,#33,#34,#35,#36,#37,#38,#39,#40),#58,
 .F.);
#1603=ADVANCED_FACE('',(#95),#1529,.T.);
#1604=ADVANCED_FACE('',(#96,#41),#59,.T.);
#1605=ADVANCED_FACE('',(#97,#42,#43),#60,.F.);
#1606=ADVANCED_FACE('',(#98),#1530,.F.);
#1607=ADVANCED_FACE('',(#99),#1531,.F.);
#1608=ADVANCED_FACE('',(#100),#1532,.T.);
#1609=ADVANCED_FACE('',(#101),#15,.T.);
#1610=ADVANCED_FACE('',(#102),#1533,.T.);
#1611=ADVANCED_FACE('',(#103),#16,.T.);
#1612=ADVANCED_FACE('',(#104),#1534,.T.);
#1613=ADVANCED_FACE('',(#105),#17,.T.);
#1614=ADVANCED_FACE('',(#106),#1535,.T.);
#1615=ADVANCED_FACE('',(#107),#1536,.F.);
#1616=ADVANCED_FACE('',(#108),#1537,.T.);
#1617=ADVANCED_FACE('',(#109),#1538,.F.);
#1618=ADVANCED_FACE('',(#110),#1539,.F.);
#1619=ADVANCED_FACE('',(#111),#1540,.F.);
#1620=ADVANCED_FACE('',(#112),#1541,.T.);
#1621=ADVANCED_FACE('',(#113),#1542,.F.);
#1622=ADVANCED_FACE('',(#114),#1543,.F.);
#1623=ADVANCED_FACE('',(#115),#1544,.F.);
#1624=ADVANCED_FACE('',(#116),#1545,.T.);
#1625=ADVANCED_FACE('',(#117,#44),#61,.F.);
#1626=ADVANCED_FACE('',(#118),#62,.F.);
#1627=ADVANCED_FACE('',(#119,#45),#63,.F.);
#1628=ADVANCED_FACE('',(#120),#1546,.T.);
#1629=ADVANCED_FACE('',(#121),#1547,.F.);
#1630=ADVANCED_FACE('',(#122),#1548,.T.);
#1631=ADVANCED_FACE('',(#123),#1549,.T.);
#1632=ADVANCED_FACE('',(#124),#1550,.F.);
#1633=ADVANCED_FACE('',(#125),#1551,.T.);
#1634=ADVANCED_FACE('',(#126),#64,.T.);
#1635=ADVANCED_FACE('',(#127),#1552,.F.);
#1636=ADVANCED_FACE('',(#128,#46),#65,.T.);
#1637=ADVANCED_FACE('',(#129),#1553,.F.);
#1638=ADVANCED_FACE('',(#130,#47),#66,.T.);
#1639=ADVANCED_FACE('',(#131,#48),#67,.F.);
#1640=ADVANCED_FACE('',(#132),#1554,.T.);
#1641=ADVANCED_FACE('',(#133),#1555,.F.);
#1642=ADVANCED_FACE('',(#134),#1556,.F.);
#1643=ADVANCED_FACE('',(#135),#1557,.F.);
#1644=ADVANCED_FACE('',(#136),#1558,.T.);
#1645=ADVANCED_FACE('',(#137),#1559,.F.);
#1646=ADVANCED_FACE('',(#138),#1560,.F.);
#1647=ADVANCED_FACE('',(#139),#1561,.F.);
#1648=ADVANCED_FACE('',(#140),#1562,.T.);
#1649=ADVANCED_FACE('',(#141),#1563,.F.);
#1650=ADVANCED_FACE('',(#142),#1564,.F.);
#1651=ADVANCED_FACE('',(#143),#1565,.F.);
#1652=ADVANCED_FACE('',(#144),#1566,.T.);
#1653=ADVANCED_FACE('',(#145),#1567,.F.);
#1654=ADVANCED_FACE('',(#146),#1568,.F.);
#1655=ADVANCED_FACE('',(#147),#1569,.F.);
#1656=ADVANCED_FACE('',(#148),#1570,.T.);
#1657=ADVANCED_FACE('',(#149),#1571,.F.);
#1658=ADVANCED_FACE('',(#150),#1572,.F.);
#1659=ADVANCED_FACE('',(#151),#1573,.F.);
#1660=ADVANCED_FACE('',(#152),#1574,.T.);
#1661=ADVANCED_FACE('',(#153),#1575,.F.);
#1662=ADVANCED_FACE('',(#154),#1576,.F.);
#1663=ADVANCED_FACE('',(#155),#1577,.F.);
#1664=ADVANCED_FACE('',(#156),#1578,.T.);
#1665=ADVANCED_FACE('',(#157),#68,.T.);
#1666=ADVANCED_FACE('',(#158),#69,.T.);
#1667=ADVANCED_FACE('',(#159),#70,.T.);
#1668=CLOSED_SHELL('',(#1579,#1580,#1581,#1582,#1583,#1584,#1585,#1586,
#1587,#1588,#1589,#1590,#1591,#1592,#1593,#1594,#1595,#1596,#1597,#1598,
#1599,#1600,#1601,#1602,#1603,#1604,#1605,#1606,#1607,#1608,#1609,#1610,
#1611,#1612,#1613,#1614,#1615,#1616,#1617,#1618,#1619,#1620,#1621,#1622,
#1623,#1624,#1625,#1626,#1627,#1628,#1629,#1630,#1631,#1632,#1633,#1634,
#1635,#1636,#1637,#1638,#1639,#1640,#1641,#1642,#1643,#1644,#1645,#1646,
#1647,#1648,#1649,#1650,#1651,#1652,#1653,#1654,#1655,#1656,#1657,#1658,
#1659,#1660,#1661,#1662,#1663,#1664,#1665,#1666,#1667));
#1669=DERIVED_UNIT_ELEMENT(#1671,1.);
#1670=DERIVED_UNIT_ELEMENT(#2975,-3.);
#1671=(
MASS_UNIT()
NAMED_UNIT(*)
SI_UNIT(.KILO.,.GRAM.)
);
#1672=DERIVED_UNIT((#1669,#1670));
#1673=MEASURE_REPRESENTATION_ITEM('density measure',
POSITIVE_RATIO_MEASURE(7850.),#1672);
#1674=PROPERTY_DEFINITION_REPRESENTATION(#1679,#1676);
#1675=PROPERTY_DEFINITION_REPRESENTATION(#1680,#1677);
#1676=REPRESENTATION('material name',(#1678),#2972);
#1677=REPRESENTATION('density',(#1673),#2972);
#1678=DESCRIPTIVE_REPRESENTATION_ITEM('Steel','Steel');
#1679=PROPERTY_DEFINITION('material property','material name',#2982);
#1680=PROPERTY_DEFINITION('material property','density of part',#2982);
#1681=AXIS2_PLACEMENT_3D('',#2476,#1912,#1913);
#1682=AXIS2_PLACEMENT_3D('',#2477,#1914,#1915);
#1683=AXIS2_PLACEMENT_3D('',#2480,#1916,#1917);
#1684=AXIS2_PLACEMENT_3D('',#2484,#1919,#1920);
#1685=AXIS2_PLACEMENT_3D('',#2486,#1922,#1923);
#1686=AXIS2_PLACEMENT_3D('',#2492,#1927,#1928);
#1687=AXIS2_PLACEMENT_3D('',#2496,#1930,#1931);
#1688=AXIS2_PLACEMENT_3D('',#2500,#1933,#1934);
#1689=AXIS2_PLACEMENT_3D('',#2504,#1936,#1937);
#1690=AXIS2_PLACEMENT_3D('',#2508,#1939,#1940);
#1691=AXIS2_PLACEMENT_3D('',#2512,#1942,#1943);
#1692=AXIS2_PLACEMENT_3D('',#2516,#1945,#1946);
#1693=AXIS2_PLACEMENT_3D('',#2519,#1948,#1949);
#1694=AXIS2_PLACEMENT_3D('',#2520,#1950,#1951);
#1695=AXIS2_PLACEMENT_3D('',#2523,#1952,#1953);
#1696=AXIS2_PLACEMENT_3D('',#2526,#1956,#1957);
#1697=AXIS2_PLACEMENT_3D('',#2530,#1960,#1961);
#1698=AXIS2_PLACEMENT_3D('',#2532,#1962,#1963);
#1699=AXIS2_PLACEMENT_3D('',#2534,#1965,#1966);
#1700=AXIS2_PLACEMENT_3D('',#2536,#1967,#1968);
#1701=AXIS2_PLACEMENT_3D('',#2538,#1970,#1971);
#1702=AXIS2_PLACEMENT_3D('',#2541,#1972,#1973);
#1703=AXIS2_PLACEMENT_3D('',#2544,#1976,#1977);
#1704=AXIS2_PLACEMENT_3D('',#2546,#1978,#1979);
#1705=AXIS2_PLACEMENT_3D('',#2548,#1980,#1981);
#1706=AXIS2_PLACEMENT_3D('',#2550,#1982,#1983);
#1707=AXIS2_PLACEMENT_3D('',#2553,#1984,#1985);
#1708=AXIS2_PLACEMENT_3D('',#2555,#1986,#1987);
#1709=AXIS2_PLACEMENT_3D('',#2557,#1988,#1989);
#1710=AXIS2_PLACEMENT_3D('',#2559,#1990,#1991);
#1711=AXIS2_PLACEMENT_3D('',#2561,#1992,#1993);
#1712=AXIS2_PLACEMENT_3D('',#2563,#1994,#1995);
#1713=AXIS2_PLACEMENT_3D('',#2565,#1996,#1997);
#1714=AXIS2_PLACEMENT_3D('',#2567,#1998,#1999);
#1715=AXIS2_PLACEMENT_3D('',#2569,#2000,#2001);
#1716=AXIS2_PLACEMENT_3D('',#2571,#2002,#2003);
#1717=AXIS2_PLACEMENT_3D('',#2573,#2004,#2005);
#1718=AXIS2_PLACEMENT_3D('',#2574,#2006,#2007);
#1719=AXIS2_PLACEMENT_3D('',#2577,#2008,#2009);
#1720=AXIS2_PLACEMENT_3D('',#2579,#2010,#2011);
#1721=AXIS2_PLACEMENT_3D('',#2581,#2012,#2013);
#1722=AXIS2_PLACEMENT_3D('',#2582,#2014,#2015);
#1723=AXIS2_PLACEMENT_3D('',#2585,#2016,#2017);
#1724=AXIS2_PLACEMENT_3D('',#2587,#2018,#2019);
#1725=AXIS2_PLACEMENT_3D('',#2589,#2020,#2021);
#1726=AXIS2_PLACEMENT_3D('',#2590,#2022,#2023);
#1727=AXIS2_PLACEMENT_3D('',#2593,#2024,#2025);
#1728=AXIS2_PLACEMENT_3D('',#2595,#2026,#2027);
#1729=AXIS2_PLACEMENT_3D('',#2597,#2028,#2029);
#1730=AXIS2_PLACEMENT_3D('',#2598,#2030,#2031);
#1731=AXIS2_PLACEMENT_3D('',#2601,#2032,#2033);
#1732=AXIS2_PLACEMENT_3D('',#2603,#2034,#2035);
#1733=AXIS2_PLACEMENT_3D('',#2605,#2036,#2037);
#1734=AXIS2_PLACEMENT_3D('',#2606,#2038,#2039);
#1735=AXIS2_PLACEMENT_3D('',#2609,#2040,#2041);
#1736=AXIS2_PLACEMENT_3D('',#2611,#2042,#2043);
#1737=AXIS2_PLACEMENT_3D('',#2613,#2044,#2045);
#1738=AXIS2_PLACEMENT_3D('',#2614,#2046,#2047);
#1739=AXIS2_PLACEMENT_3D('',#2617,#2048,#2049);
#1740=AXIS2_PLACEMENT_3D('',#2619,#2050,#2051);
#1741=AXIS2_PLACEMENT_3D('',#2621,#2052,#2053);
#1742=AXIS2_PLACEMENT_3D('',#2622,#2054,#2055);
#1743=AXIS2_PLACEMENT_3D('',#2624,#2056,#2057);
#1744=AXIS2_PLACEMENT_3D('',#2633,#2063,#2064);
#1745=AXIS2_PLACEMENT_3D('',#2636,#2066,#2067);
#1746=AXIS2_PLACEMENT_3D('',#2637,#2068,#2069);
#1747=AXIS2_PLACEMENT_3D('',#2639,#2071,#2072);
#1748=AXIS2_PLACEMENT_3D('',#2641,#2073,#2074);
#1749=AXIS2_PLACEMENT_3D('',#2643,#2076,#2077);
#1750=AXIS2_PLACEMENT_3D('',#2645,#2079,#2080);
#1751=AXIS2_PLACEMENT_3D('',#2647,#2081,#2082);
#1752=AXIS2_PLACEMENT_3D('',#2649,#2084,#2085);
#1753=AXIS2_PLACEMENT_3D('',#2652,#2086,#2087);
#1754=AXIS2_PLACEMENT_3D('',#2656,#2089,#2090);
#1755=AXIS2_PLACEMENT_3D('',#2658,#2092,#2093);
#1756=AXIS2_PLACEMENT_3D('',#2660,#2094,#2095);
#1757=AXIS2_PLACEMENT_3D('',#2664,#2097,#2098);
#1758=AXIS2_PLACEMENT_3D('',#2668,#2100,#2101);
#1759=AXIS2_PLACEMENT_3D('',#2673,#2104,#2105);
#1760=AXIS2_PLACEMENT_3D('',#2678,#2108,#2109);
#1761=AXIS2_PLACEMENT_3D('',#2682,#2111,#2112);
#1762=AXIS2_PLACEMENT_3D('',#2686,#2114,#2115);
#1763=AXIS2_PLACEMENT_3D('',#2689,#2117,#2118);
#1764=AXIS2_PLACEMENT_3D('',#2690,#2119,#2120);
#1765=AXIS2_PLACEMENT_3D('',#2692,#2121,#2122);
#1766=AXIS2_PLACEMENT_3D('',#2695,#2124,#2125);
#1767=AXIS2_PLACEMENT_3D('',#2696,#2126,#2127);
#1768=AXIS2_PLACEMENT_3D('',#2699,#2130,#2131);
#1769=AXIS2_PLACEMENT_3D('',#2701,#2132,#2133);
#1770=AXIS2_PLACEMENT_3D('',#2703,#2134,#2135);
#1771=AXIS2_PLACEMENT_3D('',#2705,#2137,#2138);
#1772=AXIS2_PLACEMENT_3D('',#2707,#2139,#2140);
#1773=AXIS2_PLACEMENT_3D('',#2710,#2142,#2143);
#1774=AXIS2_PLACEMENT_3D('',#2711,#2144,#2145);
#1775=AXIS2_PLACEMENT_3D('',#2714,#2148,#2149);
#1776=AXIS2_PLACEMENT_3D('',#2716,#2150,#2151);
#1777=AXIS2_PLACEMENT_3D('',#2719,#2153,#2154);
#1778=AXIS2_PLACEMENT_3D('',#2720,#2155,#2156);
#1779=AXIS2_PLACEMENT_3D('',#2722,#2157,#2158);
#1780=AXIS2_PLACEMENT_3D('',#2723,#2159,#2160);
#1781=AXIS2_PLACEMENT_3D('',#2725,#2161,#2162);
#1782=AXIS2_PLACEMENT_3D('',#2727,#2163,#2164);
#1783=AXIS2_PLACEMENT_3D('',#2729,#2165,#2166);
#1784=AXIS2_PLACEMENT_3D('',#2731,#2167,#2168);
#1785=AXIS2_PLACEMENT_3D('',#2733,#2169,#2170);
#1786=AXIS2_PLACEMENT_3D('',#2735,#2171,#2172);
#1787=AXIS2_PLACEMENT_3D('',#2737,#2173,#2174);
#1788=AXIS2_PLACEMENT_3D('',#2738,#2175,#2176);
#1789=AXIS2_PLACEMENT_3D('',#2741,#2177,#2178);
#1790=AXIS2_PLACEMENT_3D('',#2743,#2179,#2180);
#1791=AXIS2_PLACEMENT_3D('',#2745,#2181,#2182);
#1792=AXIS2_PLACEMENT_3D('',#2746,#2183,#2184);
#1793=AXIS2_PLACEMENT_3D('',#2749,#2185,#2186);
#1794=AXIS2_PLACEMENT_3D('',#2751,#2187,#2188);
#1795=AXIS2_PLACEMENT_3D('',#2753,#2189,#2190);
#1796=AXIS2_PLACEMENT_3D('',#2754,#2191,#2192);
#1797=AXIS2_PLACEMENT_3D('',#2757,#2193,#2194);
#1798=AXIS2_PLACEMENT_3D('',#2759,#2195,#2196);
#1799=AXIS2_PLACEMENT_3D('',#2761,#2197,#2198);
#1800=AXIS2_PLACEMENT_3D('',#2762,#2199,#2200);
#1801=AXIS2_PLACEMENT_3D('',#2765,#2201,#2202);
#1802=AXIS2_PLACEMENT_3D('',#2767,#2203,#2204);
#1803=AXIS2_PLACEMENT_3D('',#2769,#2205,#2206);
#1804=AXIS2_PLACEMENT_3D('',#2770,#2207,#2208);
#1805=AXIS2_PLACEMENT_3D('',#2773,#2209,#2210);
#1806=AXIS2_PLACEMENT_3D('',#2775,#2211,#2212);
#1807=AXIS2_PLACEMENT_3D('',#2777,#2213,#2214);
#1808=AXIS2_PLACEMENT_3D('',#2778,#2215,#2216);
#1809=AXIS2_PLACEMENT_3D('',#2781,#2217,#2218);
#1810=AXIS2_PLACEMENT_3D('',#2783,#2219,#2220);
#1811=AXIS2_PLACEMENT_3D('',#2785,#2221,#2222);
#1812=AXIS2_PLACEMENT_3D('',#2786,#2223,#2224);
#1813=AXIS2_PLACEMENT_3D('',#2788,#2225,#2226);
#1814=AXIS2_PLACEMENT_3D('',#2789,#2227,#2228);
#1815=AXIS2_PLACEMENT_3D('',#2791,#2229,#2230);
#1816=AXIS2_PLACEMENT_3D('',#2793,#2232,#2233);
#1817=AXIS2_PLACEMENT_3D('',#2795,#2234,#2235);
#1818=AXIS2_PLACEMENT_3D('',#2796,#2236,#2237);
#1819=AXIS2_PLACEMENT_3D('',#2798,#2238,#2239);
#1820=AXIS2_PLACEMENT_3D('',#2800,#2240,#2241);
#1821=AXIS2_PLACEMENT_3D('',#2801,#2242,#2243);
#1822=AXIS2_PLACEMENT_3D('',#2803,#2245,#2246);
#1823=AXIS2_PLACEMENT_3D('',#2805,#2248,#2249);
#1824=AXIS2_PLACEMENT_3D('',#2807,#2250,#2251);
#1825=AXIS2_PLACEMENT_3D('',#2809,#2253,#2254);
#1826=AXIS2_PLACEMENT_3D('',#2812,#2256,#2257);
#1827=AXIS2_PLACEMENT_3D('',#2813,#2258,#2259);
#1828=AXIS2_PLACEMENT_3D('',#2815,#2260,#2261);
#1829=AXIS2_PLACEMENT_3D('',#2817,#2263,#2264);
#1830=AXIS2_PLACEMENT_3D('',#2820,#2266,#2267);
#1831=AXIS2_PLACEMENT_3D('',#2821,#2268,#2269);
#1832=AXIS2_PLACEMENT_3D('',#2823,#2270,#2271);
#1833=AXIS2_PLACEMENT_3D('',#2825,#2273,#2274);
#1834=AXIS2_PLACEMENT_3D('',#2828,#2276,#2277);
#1835=AXIS2_PLACEMENT_3D('',#2829,#2278,#2279);
#1836=AXIS2_PLACEMENT_3D('',#2831,#2280,#2281);
#1837=AXIS2_PLACEMENT_3D('',#2833,#2283,#2284);
#1838=AXIS2_PLACEMENT_3D('',#2835,#2285,#2286);
#1839=AXIS2_PLACEMENT_3D('',#2837,#2288,#2289);
#1840=AXIS2_PLACEMENT_3D('',#2840,#2291,#2292);
#1841=AXIS2_PLACEMENT_3D('',#2841,#2293,#2294);
#1842=AXIS2_PLACEMENT_3D('',#2843,#2295,#2296);
#1843=AXIS2_PLACEMENT_3D('',#2845,#2298,#2299);
#1844=AXIS2_PLACEMENT_3D('',#2847,#2300,#2301);
#1845=AXIS2_PLACEMENT_3D('',#2851,#2303,#2304);
#1846=AXIS2_PLACEMENT_3D('',#2854,#2307,#2308);
#1847=AXIS2_PLACEMENT_3D('',#2856,#2309,#2310);
#1848=AXIS2_PLACEMENT_3D('',#2858,#2312,#2313);
#1849=AXIS2_PLACEMENT_3D('',#2861,#2315,#2316);
#1850=AXIS2_PLACEMENT_3D('',#2862,#2317,#2318);
#1851=AXIS2_PLACEMENT_3D('',#2863,#2319,#2320);
#1852=AXIS2_PLACEMENT_3D('',#2864,#2321,#2322);
#1853=AXIS2_PLACEMENT_3D('',#2866,#2323,#2324);
#1854=AXIS2_PLACEMENT_3D('',#2868,#2326,#2327);
#1855=AXIS2_PLACEMENT_3D('',#2870,#2328,#2329);
#1856=AXIS2_PLACEMENT_3D('',#2872,#2331,#2332);
#1857=AXIS2_PLACEMENT_3D('',#2873,#2333,#2334);
#1858=AXIS2_PLACEMENT_3D('',#2874,#2335,#2336);
#1859=AXIS2_PLACEMENT_3D('',#2876,#2337,#2338);
#1860=AXIS2_PLACEMENT_3D('',#2878,#2339,#2340);
#1861=AXIS2_PLACEMENT_3D('',#2879,#2341,#2342);
#1862=AXIS2_PLACEMENT_3D('',#2881,#2343,#2344);
#1863=AXIS2_PLACEMENT_3D('',#2882,#2345,#2346);
#1864=AXIS2_PLACEMENT_3D('',#2883,#2347,#2348);
#1865=AXIS2_PLACEMENT_3D('',#2885,#2349,#2350);
#1866=AXIS2_PLACEMENT_3D('',#2887,#2351,#2352);
#1867=AXIS2_PLACEMENT_3D('',#2888,#2353,#2354);
#1868=AXIS2_PLACEMENT_3D('',#2890,#2355,#2356);
#1869=AXIS2_PLACEMENT_3D('',#2891,#2357,#2358);
#1870=AXIS2_PLACEMENT_3D('',#2893,#2360,#2361);
#1871=AXIS2_PLACEMENT_3D('',#2895,#2363,#2364);
#1872=AXIS2_PLACEMENT_3D('',#2896,#2365,#2366);
#1873=AXIS2_PLACEMENT_3D('',#2898,#2368,#2369);
#1874=AXIS2_PLACEMENT_3D('',#2900,#2371,#2372);
#1875=AXIS2_PLACEMENT_3D('',#2901,#2373,#2374);
#1876=AXIS2_PLACEMENT_3D('',#2902,#2375,#2376);
#1877=AXIS2_PLACEMENT_3D('',#2904,#2377,#2378);
#1878=AXIS2_PLACEMENT_3D('',#2906,#2380,#2381);
#1879=AXIS2_PLACEMENT_3D('',#2907,#2382,#2383);
#1880=AXIS2_PLACEMENT_3D('',#2909,#2384,#2385);
#1881=AXIS2_PLACEMENT_3D('',#2911,#2387,#2388);
#1882=AXIS2_PLACEMENT_3D('',#2912,#2389,#2390);
#1883=AXIS2_PLACEMENT_3D('',#2914,#2391,#2392);
#1884=AXIS2_PLACEMENT_3D('',#2915,#2393,#2394);
#1885=AXIS2_PLACEMENT_3D('',#2917,#2396,#2397);
#1886=AXIS2_PLACEMENT_3D('',#2920,#2400,#2401);
#1887=AXIS2_PLACEMENT_3D('',#2922,#2403,#2404);
#1888=AXIS2_PLACEMENT_3D('',#2924,#2406,#2407);
#1889=AXIS2_PLACEMENT_3D('',#2925,#2408,#2409);
#1890=AXIS2_PLACEMENT_3D('',#2928,#2412,#2413);
#1891=AXIS2_PLACEMENT_3D('',#2930,#2415,#2416);
#1892=AXIS2_PLACEMENT_3D('',#2932,#2418,#2419);
#1893=AXIS2_PLACEMENT_3D('',#2933,#2420,#2421);
#1894=AXIS2_PLACEMENT_3D('',#2936,#2424,#2425);
#1895=AXIS2_PLACEMENT_3D('',#2938,#2427,#2428);
#1896=AXIS2_PLACEMENT_3D('',#2940,#2430,#2431);
#1897=AXIS2_PLACEMENT_3D('',#2941,#2432,#2433);
#1898=AXIS2_PLACEMENT_3D('',#2944,#2436,#2437);
#1899=AXIS2_PLACEMENT_3D('',#2946,#2439,#2440);
#1900=AXIS2_PLACEMENT_3D('',#2948,#2442,#2443);
#1901=AXIS2_PLACEMENT_3D('',#2949,#2444,#2445);
#1902=AXIS2_PLACEMENT_3D('',#2952,#2448,#2449);
#1903=AXIS2_PLACEMENT_3D('',#2954,#2451,#2452);
#1904=AXIS2_PLACEMENT_3D('',#2956,#2454,#2455);
#1905=AXIS2_PLACEMENT_3D('',#2957,#2456,#2457);
#1906=AXIS2_PLACEMENT_3D('',#2960,#2460,#2461);
#1907=AXIS2_PLACEMENT_3D('',#2962,#2463,#2464);
#1908=AXIS2_PLACEMENT_3D('',#2964,#2466,#2467);
#1909=AXIS2_PLACEMENT_3D('',#2965,#2468,#2469);
#1910=AXIS2_PLACEMENT_3D('',#2967,#2471,#2472);
#1911=AXIS2_PLACEMENT_3D('',#2969,#2474,#2475);
#1912=DIRECTION('axis',(0.,0.,1.));
#1913=DIRECTION('refdir',(1.,0.,0.));
#1914=DIRECTION('center_axis',(-1.,0.,0.));
#1915=DIRECTION('ref_axis',(0.,-0.707106781186547,-0.707106781186548));
#1916=DIRECTION('center_axis',(1.,0.,0.));
#1917=DIRECTION('ref_axis',(0.,-0.707106781186547,-0.707106781186548));
#1918=DIRECTION('',(1.,0.,0.));
#1919=DIRECTION('center_axis',(-1.,0.,0.));
#1920=DIRECTION('ref_axis',(0.,-0.707106781186547,-0.707106781186548));
#1921=DIRECTION('',(-1.,0.,0.));
#1922=DIRECTION('center_axis',(0.,0.,-1.));
#1923=DIRECTION('ref_axis',(-1.,0.,0.));
#1924=DIRECTION('',(0.,1.,0.));
#1925=DIRECTION('',(-1.,0.,0.));
#1926=DIRECTION('',(0.,-1.,0.));
#1927=DIRECTION('center_axis',(-1.,0.,0.));
#1928=DIRECTION('ref_axis',(0.,1.,0.));
#1929=DIRECTION('',(0.,0.,-1.));
#1930=DIRECTION('center_axis',(-1.,0.,0.));
#1931=DIRECTION('ref_axis',(0.,0.707106781186547,0.707106781186548));
#1932=DIRECTION('',(0.,-1.,0.));
#1933=DIRECTION('center_axis',(-1.,0.,0.));
#1934=DIRECTION('ref_axis',(0.,-0.707106781186547,0.707106781186548));
#1935=DIRECTION('',(0.,0.,1.));
#1936=DIRECTION('center_axis',(-1.,0.,0.));
#1937=DIRECTION('ref_axis',(0.,-0.707106781186548,-0.707106781186548));
#1938=DIRECTION('',(0.,-1.,0.));
#1939=DIRECTION('center_axis',(-1.,0.,0.));
#1940=DIRECTION('ref_axis',(0.,0.707106781186548,-0.707106781186548));
#1941=DIRECTION('',(0.,0.,-1.));
#1942=DIRECTION('center_axis',(-1.,0.,0.));
#1943=DIRECTION('ref_axis',(0.,0.707106781186547,0.707106781186548));
#1944=DIRECTION('',(0.,1.,0.));
#1945=DIRECTION('center_axis',(-1.,0.,0.));
#1946=DIRECTION('ref_axis',(0.,-0.707106781186547,0.707106781186548));
#1947=DIRECTION('',(0.,0.,-1.));
#1948=DIRECTION('center_axis',(1.,0.,0.));
#1949=DIRECTION('ref_axis',(0.,0.707106781186547,-0.707106781186548));
#1950=DIRECTION('center_axis',(-1.,0.,0.));
#1951=DIRECTION('ref_axis',(0.,-0.707106781186548,-0.707106781186548));
#1952=DIRECTION('center_axis',(1.,0.,0.));
#1953=DIRECTION('ref_axis',(0.,-0.707106781186548,-0.707106781186548));
#1954=DIRECTION('',(-1.,0.,0.));
#1955=DIRECTION('',(1.,0.,0.));
#1956=DIRECTION('center_axis',(0.,0.,-1.));
#1957=DIRECTION('ref_axis',(-1.,0.,0.));
#1958=DIRECTION('',(0.,1.,0.));
#1959=DIRECTION('',(1.,0.,0.));
#1960=DIRECTION('center_axis',(1.,0.,0.));
#1961=DIRECTION('ref_axis',(0.,0.707106781186548,-0.707106781186548));
#1962=DIRECTION('center_axis',(1.,0.,0.));
#1963=DIRECTION('ref_axis',(0.,0.707106781186548,-0.707106781186548));
#1964=DIRECTION('',(-1.,0.,0.));
#1965=DIRECTION('center_axis',(1.,0.,0.));
#1966=DIRECTION('ref_axis',(0.,0.707106781186547,-0.707106781186548));
#1967=DIRECTION('center_axis',(-1.,0.,0.));
#1968=DIRECTION('ref_axis',(0.,0.707106781186547,-0.707106781186548));
#1969=DIRECTION('',(1.,0.,0.));
#1970=DIRECTION('center_axis',(-1.,0.,0.));
#1971=DIRECTION('ref_axis',(0.,0.707106781186547,0.707106781186548));
#1972=DIRECTION('center_axis',(1.,0.,0.));
#1973=DIRECTION('ref_axis',(0.,0.707106781186547,0.707106781186548));
#1974=DIRECTION('',(-1.,0.,0.));
#1975=DIRECTION('',(1.,0.,0.));
#1976=DIRECTION('center_axis',(0.,0.,-1.));
#1977=DIRECTION('ref_axis',(-1.,0.,0.));
#1978=DIRECTION('center_axis',(0.,0.,1.));
#1979=DIRECTION('ref_axis',(1.,0.,0.));
#1980=DIRECTION('center_axis',(0.,0.,-1.));
#1981=DIRECTION('ref_axis',(1.,0.,0.));
#1982=DIRECTION('center_axis',(0.,0.,-1.));
#1983=DIRECTION('ref_axis',(1.,0.,0.));
#1984=DIRECTION('center_axis',(0.,0.,-1.));
#1985=DIRECTION('ref_axis',(1.,0.,0.));
#1986=DIRECTION('center_axis',(0.,0.,-1.));
#1987=DIRECTION('ref_axis',(-0.573777630784532,0.8190111296016,0.));
#1988=DIRECTION('center_axis',(0.,0.,1.));
#1989=DIRECTION('ref_axis',(1.,0.,0.));
#1990=DIRECTION('center_axis',(0.,0.,-1.));
#1991=DIRECTION('ref_axis',(-0.57377763078453,-0.819011129601601,0.));
#1992=DIRECTION('center_axis',(0.,0.,-1.));
#1993=DIRECTION('ref_axis',(1.,0.,0.));
#1994=DIRECTION('center_axis',(0.,0.,-1.));
#1995=DIRECTION('ref_axis',(-0.955453171381025,-0.295142740547591,0.));
#1996=DIRECTION('center_axis',(0.,0.,1.));
#1997=DIRECTION('ref_axis',(1.,0.,0.));
#1998=DIRECTION('center_axis',(0.,0.,-1.));
#1999=DIRECTION('ref_axis',(0.839073929331478,0.54401740883563,0.));
#2000=DIRECTION('center_axis',(0.,0.,-1.));
#2001=DIRECTION('ref_axis',(1.,0.,0.));
#2002=DIRECTION('center_axis',(0.,0.,-1.));
#2003=DIRECTION('ref_axis',(0.839073929331475,-0.544017408835635,0.));
#2004=DIRECTION('center_axis',(0.,0.,1.));
#2005=DIRECTION('ref_axis',(1.,0.,0.));
#2006=DIRECTION('center_axis',(0.,0.,-1.));
#2007=DIRECTION('ref_axis',(-0.955453171381025,0.295142740547589,0.));
#2008=DIRECTION('center_axis',(0.,0.,-1.));
#2009=DIRECTION('ref_axis',(-0.432613761050196,0.90157935521506,0.));
#2010=DIRECTION('center_axis',(0.,0.,1.));
#2011=DIRECTION('ref_axis',(0.432613761050194,-0.901579355215061,0.));
#2012=DIRECTION('center_axis',(0.,0.,1.));
#2013=DIRECTION('ref_axis',(-0.432613761050196,0.90157935521506,0.));
#2014=DIRECTION('center_axis',(0.,0.,1.));
#2015=DIRECTION('ref_axis',(-0.564483744618738,0.825444184703731,0.));
#2016=DIRECTION('center_axis',(0.,0.,-1.));
#2017=DIRECTION('ref_axis',(-0.564483744618739,-0.82544418470373,0.));
#2018=DIRECTION('center_axis',(0.,0.,1.));
#2019=DIRECTION('ref_axis',(0.564483744618741,0.825444184703729,0.));
#2020=DIRECTION('center_axis',(0.,0.,1.));
#2021=DIRECTION('ref_axis',(-0.564483744618739,-0.82544418470373,0.));
#2022=DIRECTION('center_axis',(0.,0.,1.));
#2023=DIRECTION('ref_axis',(-0.4326137610502,-0.901579355215058,0.));
#2024=DIRECTION('center_axis',(0.,0.,-1.));
#2025=DIRECTION('ref_axis',(0.997097505668935,-0.0761351705113299,0.));
#2026=DIRECTION('center_axis',(0.,0.,1.));
#2027=DIRECTION('ref_axis',(-0.997097505668935,0.0761351705113269,0.));
#2028=DIRECTION('center_axis',(0.,0.,1.));
#2029=DIRECTION('ref_axis',(0.997097505668935,-0.0761351705113296,0.));
#2030=DIRECTION('center_axis',(0.,0.,1.));
#2031=DIRECTION('ref_axis',(0.997097505668935,0.0761351705113265,0.));
#2032=DIRECTION('center_axis',(0.,0.,-1.));
#2033=DIRECTION('ref_axis',(-0.997097505668934,0.0761351705113299,0.));
#2034=DIRECTION('center_axis',(0.,0.,1.));
#2035=DIRECTION('ref_axis',(0.997097505668934,-0.0761351705113322,0.));
#2036=DIRECTION('center_axis',(0.,0.,1.));
#2037=DIRECTION('ref_axis',(-0.997097505668934,0.0761351705113298,0.));
#2038=DIRECTION('center_axis',(0.,0.,1.));
#2039=DIRECTION('ref_axis',(-0.997097505668935,-0.0761351705113265,0.));
#2040=DIRECTION('center_axis',(0.,0.,-1.));
#2041=DIRECTION('ref_axis',(0.564483744618739,0.825444184703731,0.));
#2042=DIRECTION('center_axis',(0.,0.,1.));
#2043=DIRECTION('ref_axis',(-0.564483744618737,-0.825444184703732,0.));
#2044=DIRECTION('center_axis',(0.,0.,1.));
#2045=DIRECTION('ref_axis',(0.564483744618739,0.825444184703731,0.));
#2046=DIRECTION('center_axis',(0.,0.,1.));
#2047=DIRECTION('ref_axis',(0.432613761050199,0.901579355215059,0.));
#2048=DIRECTION('center_axis',(0.,0.,-1.));
#2049=DIRECTION('ref_axis',(0.432613761050196,-0.90157935521506,0.));
#2050=DIRECTION('center_axis',(0.,0.,1.));
#2051=DIRECTION('ref_axis',(-0.432613761050196,0.90157935521506,0.));
#2052=DIRECTION('center_axis',(0.,0.,1.));
#2053=DIRECTION('ref_axis',(0.432613761050196,-0.90157935521506,0.));
#2054=DIRECTION('center_axis',(0.,0.,1.));
#2055=DIRECTION('ref_axis',(0.564483744618738,-0.825444184703731,0.));
#2056=DIRECTION('center_axis',(0.,0.,-1.));
#2057=DIRECTION('ref_axis',(1.,0.,0.));
#2058=DIRECTION('',(0.,-1.,0.));
#2059=DIRECTION('',(1.,0.,0.));
#2060=DIRECTION('',(0.,1.,0.));
#2061=DIRECTION('',(1.,0.,0.));
#2062=DIRECTION('',(-1.,0.,0.));
#2063=DIRECTION('center_axis',(1.,0.,0.));
#2064=DIRECTION('ref_axis',(0.,0.707106781186547,0.707106781186548));
#2065=DIRECTION('',(1.,0.,0.));
#2066=DIRECTION('center_axis',(1.,0.,0.));
#2067=DIRECTION('ref_axis',(0.,0.707106781186547,0.707106781186548));
#2068=DIRECTION('center_axis',(0.,-1.,0.));
#2069=DIRECTION('ref_axis',(-1.,0.,0.));
#2070=DIRECTION('',(0.,0.,-1.));
#2071=DIRECTION('center_axis',(-1.,0.,0.));
#2072=DIRECTION('ref_axis',(0.,-0.707106781186547,0.707106781186548));
#2073=DIRECTION('center_axis',(1.,0.,0.));
#2074=DIRECTION('ref_axis',(0.,-0.707106781186547,0.707106781186548));
#2075=DIRECTION('',(-1.,0.,0.));
#2076=DIRECTION('center_axis',(0.,1.,0.));
#2077=DIRECTION('ref_axis',(1.,0.,0.));
#2078=DIRECTION('',(0.,0.,-1.));
#2079=DIRECTION('center_axis',(1.,0.,0.));
#2080=DIRECTION('ref_axis',(0.,-0.707106781186547,0.707106781186548));
#2081=DIRECTION('center_axis',(1.,0.,0.));
#2082=DIRECTION('ref_axis',(0.,-0.707106781186547,0.707106781186548));
#2083=DIRECTION('',(-1.,0.,0.));
#2084=DIRECTION('center_axis',(0.,0.,-1.));
#2085=DIRECTION('ref_axis',(-0.556214886532173,0.831038506929734,0.));
#2086=DIRECTION('center_axis',(0.,0.,-1.));
#2087=DIRECTION('ref_axis',(-0.556214886532173,0.831038506929734,0.));
#2088=DIRECTION('',(0.,0.,1.));
#2089=DIRECTION('center_axis',(0.,0.,1.));
#2090=DIRECTION('ref_axis',(-0.556214886532173,0.831038506929734,0.));
#2091=DIRECTION('',(0.,0.,-1.));
#2092=DIRECTION('center_axis',(0.,0.,-1.));
#2093=DIRECTION('ref_axis',(1.,0.,0.));
#2094=DIRECTION('center_axis',(0.,0.,1.));
#2095=DIRECTION('ref_axis',(1.,0.,0.));
#2096=DIRECTION('',(0.,0.,-1.));
#2097=DIRECTION('center_axis',(0.,0.,-1.));
#2098=DIRECTION('ref_axis',(1.,0.,0.));
#2099=DIRECTION('',(0.,0.,1.));
#2100=DIRECTION('center_axis',(0.,0.,-1.));
#2101=DIRECTION('ref_axis',(1.,0.,0.));
#2102=DIRECTION('',(0.,0.,1.));
#2103=DIRECTION('',(0.,0.,-1.));
#2104=DIRECTION('center_axis',(0.,0.,1.));
#2105=DIRECTION('ref_axis',(1.,0.,0.));
#2106=DIRECTION('',(0.,0.,1.));
#2107=DIRECTION('',(0.,0.,-1.));
#2108=DIRECTION('center_axis',(0.,0.,-1.));
#2109=DIRECTION('ref_axis',(1.,0.,0.));
#2110=DIRECTION('',(0.,0.,-1.));
#2111=DIRECTION('center_axis',(0.,0.,-1.));
#2112=DIRECTION('ref_axis',(1.,0.,0.));
#2113=DIRECTION('',(0.,0.,1.));
#2114=DIRECTION('center_axis',(0.,0.,1.));
#2115=DIRECTION('ref_axis',(1.,0.,0.));
#2116=DIRECTION('',(0.,0.,-1.));
#2117=DIRECTION('center_axis',(0.,0.,-1.));
#2118=DIRECTION('ref_axis',(1.,0.,0.));
#2119=DIRECTION('center_axis',(0.,0.,1.));
#2120=DIRECTION('ref_axis',(-0.556214886532173,-0.831038506929734,0.));
#2121=DIRECTION('center_axis',(0.,0.,-1.));
#2122=DIRECTION('ref_axis',(-0.556214886532173,-0.831038506929734,0.));
#2123=DIRECTION('',(0.,0.,1.));
#2124=DIRECTION('center_axis',(0.,0.,1.));
#2125=DIRECTION('ref_axis',(-0.556214886532173,-0.831038506929734,0.));
#2126=DIRECTION('center_axis',(1.,0.,0.));
#2127=DIRECTION('ref_axis',(0.,1.,0.));
#2128=DIRECTION('',(0.,1.,0.));
#2129=DIRECTION('',(0.,-1.,0.));
#2130=DIRECTION('center_axis',(0.,0.,-1.));
#2131=DIRECTION('ref_axis',(0.556214886532175,-0.831038506929733,0.));
#2132=DIRECTION('center_axis',(0.,0.,-1.));
#2133=DIRECTION('ref_axis',(0.556214886532175,-0.831038506929733,0.));
#2134=DIRECTION('center_axis',(0.,0.,1.));
#2135=DIRECTION('ref_axis',(0.556214886532175,-0.831038506929733,0.));
#2136=DIRECTION('',(0.,0.,-1.));
#2137=DIRECTION('center_axis',(0.,0.,1.));
#2138=DIRECTION('ref_axis',(0.556214886532171,0.831038506929736,0.));
#2139=DIRECTION('center_axis',(0.,0.,-1.));
#2140=DIRECTION('ref_axis',(0.556214886532171,0.831038506929736,0.));
#2141=DIRECTION('',(0.,0.,1.));
#2142=DIRECTION('center_axis',(0.,0.,1.));
#2143=DIRECTION('ref_axis',(0.556214886532171,0.831038506929736,0.));
#2144=DIRECTION('center_axis',(-1.,-7.72895753383129E-17,0.));
#2145=DIRECTION('ref_axis',(7.72895753383129E-17,-1.,0.));
#2146=DIRECTION('',(7.72895753383129E-17,-1.,0.));
#2147=DIRECTION('',(-7.72895753383129E-17,1.,0.));
#2148=DIRECTION('center_axis',(0.,0.,1.));
#2149=DIRECTION('ref_axis',(1.,0.,0.));
#2150=DIRECTION('center_axis',(0.,0.,-1.));
#2151=DIRECTION('ref_axis',(1.,0.,0.));
#2152=DIRECTION('',(0.,0.,-1.));
#2153=DIRECTION('center_axis',(0.,0.,1.));
#2154=DIRECTION('ref_axis',(1.,0.,0.));
#2155=DIRECTION('center_axis',(0.,0.,1.));
#2156=DIRECTION('ref_axis',(1.,0.,0.));
#2157=DIRECTION('center_axis',(0.,0.,-1.));
#2158=DIRECTION('ref_axis',(1.,0.,0.));
#2159=DIRECTION('center_axis',(0.,0.,-1.));
#2160=DIRECTION('ref_axis',(-1.,0.,0.));
#2161=DIRECTION('center_axis',(0.,0.,1.));
#2162=DIRECTION('ref_axis',(1.,0.,0.));
#2163=DIRECTION('center_axis',(0.,0.,-1.));
#2164=DIRECTION('ref_axis',(0.0729891183075255,0.997332737158813,0.));
#2165=DIRECTION('center_axis',(0.,0.,1.));
#2166=DIRECTION('ref_axis',(1.,0.,0.));
#2167=DIRECTION('center_axis',(0.,0.,-1.));
#2168=DIRECTION('ref_axis',(0.971704802866675,-0.236198594589039,0.));
#2169=DIRECTION('center_axis',(0.,0.,-1.));
#2170=DIRECTION('ref_axis',(1.,0.,0.));
#2171=DIRECTION('center_axis',(0.,0.,-1.));
#2172=DIRECTION('ref_axis',(0.971704802866674,0.23619859458904,0.));
#2173=DIRECTION('center_axis',(0.,0.,1.));
#2174=DIRECTION('ref_axis',(1.,0.,0.));
#2175=DIRECTION('center_axis',(0.,0.,-1.));
#2176=DIRECTION('ref_axis',(0.0729891183075244,-0.997332737158813,0.));
#2177=DIRECTION('center_axis',(0.,0.,1.));
#2178=DIRECTION('ref_axis',(-0.432613761050196,0.90157935521506,0.));
#2179=DIRECTION('center_axis',(0.,0.,-1.));
#2180=DIRECTION('ref_axis',(-0.564483744618738,0.825444184703731,0.));
#2181=DIRECTION('center_axis',(0.,0.,-1.));
#2182=DIRECTION('ref_axis',(-0.432613761050196,0.90157935521506,0.));
#2183=DIRECTION('center_axis',(0.,0.,-1.));
#2184=DIRECTION('ref_axis',(0.432613761050194,-0.901579355215061,0.));
#2185=DIRECTION('center_axis',(0.,0.,1.));
#2186=DIRECTION('ref_axis',(-0.564483744618739,-0.82544418470373,0.));
#2187=DIRECTION('center_axis',(0.,0.,-1.));
#2188=DIRECTION('ref_axis',(-0.4326137610502,-0.901579355215058,0.));
#2189=DIRECTION('center_axis',(0.,0.,-1.));
#2190=DIRECTION('ref_axis',(-0.564483744618739,-0.82544418470373,0.));
#2191=DIRECTION('center_axis',(0.,0.,-1.));
#2192=DIRECTION('ref_axis',(0.564483744618741,0.825444184703729,0.));
#2193=DIRECTION('center_axis',(0.,0.,1.));
#2194=DIRECTION('ref_axis',(-0.997097505668934,0.0761351705113299,0.));
#2195=DIRECTION('center_axis',(0.,0.,-1.));
#2196=DIRECTION('ref_axis',(-0.997097505668935,-0.0761351705113265,0.));
#2197=DIRECTION('center_axis',(0.,0.,-1.));
#2198=DIRECTION('ref_axis',(-0.997097505668934,0.0761351705113298,0.));
#2199=DIRECTION('center_axis',(0.,0.,-1.));
#2200=DIRECTION('ref_axis',(0.997097505668934,-0.0761351705113322,0.));
#2201=DIRECTION('center_axis',(0.,0.,1.));
#2202=DIRECTION('ref_axis',(0.997097505668935,-0.0761351705113299,0.));
#2203=DIRECTION('center_axis',(0.,0.,-1.));
#2204=DIRECTION('ref_axis',(0.997097505668935,0.0761351705113265,0.));
#2205=DIRECTION('center_axis',(0.,0.,-1.));
#2206=DIRECTION('ref_axis',(0.997097505668935,-0.0761351705113296,0.));
#2207=DIRECTION('center_axis',(0.,0.,-1.));
#2208=DIRECTION('ref_axis',(-0.997097505668935,0.0761351705113269,0.));
#2209=DIRECTION('center_axis',(0.,0.,1.));
#2210=DIRECTION('ref_axis',(0.564483744618739,0.825444184703731,0.));
#2211=DIRECTION('center_axis',(0.,0.,-1.));
#2212=DIRECTION('ref_axis',(0.432613761050199,0.901579355215059,0.));
#2213=DIRECTION('center_axis',(0.,0.,-1.));
#2214=DIRECTION('ref_axis',(0.564483744618739,0.825444184703731,0.));
#2215=DIRECTION('center_axis',(0.,0.,-1.));
#2216=DIRECTION('ref_axis',(-0.564483744618737,-0.825444184703732,0.));
#2217=DIRECTION('center_axis',(0.,0.,1.));
#2218=DIRECTION('ref_axis',(0.432613761050196,-0.90157935521506,0.));
#2219=DIRECTION('center_axis',(0.,0.,-1.));
#2220=DIRECTION('ref_axis',(0.564483744618738,-0.825444184703731,0.));
#2221=DIRECTION('center_axis',(0.,0.,-1.));
#2222=DIRECTION('ref_axis',(0.432613761050196,-0.90157935521506,0.));
#2223=DIRECTION('center_axis',(0.,0.,-1.));
#2224=DIRECTION('ref_axis',(-0.432613761050196,0.90157935521506,0.));
#2225=DIRECTION('center_axis',(0.,0.,1.));
#2226=DIRECTION('ref_axis',(1.,0.,0.));
#2227=DIRECTION('center_axis',(0.,0.,1.));
#2228=DIRECTION('ref_axis',(1.,0.,0.));
#2229=DIRECTION('center_axis',(0.,0.,-1.));
#2230=DIRECTION('ref_axis',(1.,0.,0.));
#2231=DIRECTION('',(0.,0.,-1.));
#2232=DIRECTION('center_axis',(0.,0.,1.));
#2233=DIRECTION('ref_axis',(1.,0.,0.));
#2234=DIRECTION('center_axis',(0.,0.,-1.));
#2235=DIRECTION('ref_axis',(1.,0.,0.));
#2236=DIRECTION('center_axis',(0.,0.,1.));
#2237=DIRECTION('ref_axis',(1.,0.,0.));
#2238=DIRECTION('center_axis',(0.,0.,1.));
#2239=DIRECTION('ref_axis',(1.,0.,0.));
#2240=DIRECTION('center_axis',(0.,0.,1.));
#2241=DIRECTION('ref_axis',(1.,0.,0.));
#2242=DIRECTION('center_axis',(0.,0.,1.));
#2243=DIRECTION('ref_axis',(1.,0.,0.));
#2244=DIRECTION('',(0.,0.,-1.));
#2245=DIRECTION('center_axis',(0.,0.,1.));
#2246=DIRECTION('ref_axis',(1.,0.,0.));
#2247=DIRECTION('',(0.,0.,-1.));
#2248=DIRECTION('center_axis',(0.,0.,-1.));
#2249=DIRECTION('ref_axis',(1.,0.,0.));
#2250=DIRECTION('center_axis',(0.,0.,1.));
#2251=DIRECTION('ref_axis',(1.,0.,0.));
#2252=DIRECTION('',(0.,0.,1.));
#2253=DIRECTION('center_axis',(0.,0.,1.));
#2254=DIRECTION('ref_axis',(1.,0.,0.));
#2255=DIRECTION('',(0.707106781186547,8.65956056235493E-17,-0.707106781186547));
#2256=DIRECTION('center_axis',(0.,0.,1.));
#2257=DIRECTION('ref_axis',(1.,0.,0.));
#2258=DIRECTION('center_axis',(0.,0.,-1.));
#2259=DIRECTION('ref_axis',(1.,0.,0.));
#2260=DIRECTION('center_axis',(0.,0.,-1.));
#2261=DIRECTION('ref_axis',(1.,0.,0.));
#2262=DIRECTION('',(0.,0.,1.));
#2263=DIRECTION('center_axis',(0.,0.,1.));
#2264=DIRECTION('ref_axis',(1.,0.,0.));
#2265=DIRECTION('',(0.707106781186547,8.65956056235493E-17,-0.707106781186547));
#2266=DIRECTION('center_axis',(0.,0.,1.));
#2267=DIRECTION('ref_axis',(1.,0.,0.));
#2268=DIRECTION('center_axis',(0.,0.,-1.));
#2269=DIRECTION('ref_axis',(1.,0.,0.));
#2270=DIRECTION('center_axis',(0.,0.,-1.));
#2271=DIRECTION('ref_axis',(1.,0.,0.));
#2272=DIRECTION('',(0.,0.,1.));
#2273=DIRECTION('center_axis',(0.,0.,1.));
#2274=DIRECTION('ref_axis',(1.,0.,0.));
#2275=DIRECTION('',(0.707106781186546,8.65956056235491E-17,-0.707106781186549));
#2276=DIRECTION('center_axis',(0.,0.,1.));
#2277=DIRECTION('ref_axis',(1.,0.,0.));
#2278=DIRECTION('center_axis',(0.,0.,-1.));
#2279=DIRECTION('ref_axis',(1.,0.,0.));
#2280=DIRECTION('center_axis',(0.,0.,-1.));
#2281=DIRECTION('ref_axis',(1.,0.,0.));
#2282=DIRECTION('',(0.,0.,1.));
#2283=DIRECTION('center_axis',(0.,0.,1.));
#2284=DIRECTION('ref_axis',(-0.955453171381025,-0.295142740547591,0.));
#2285=DIRECTION('center_axis',(0.,0.,1.));
#2286=DIRECTION('ref_axis',(-0.955453171381025,-0.295142740547591,0.));
#2287=DIRECTION('',(0.,0.,1.));
#2288=DIRECTION('center_axis',(0.,0.,1.));
#2289=DIRECTION('ref_axis',(1.,0.,0.));
#2290=DIRECTION('',(0.,0.,-1.));
#2291=DIRECTION('center_axis',(0.,0.,1.));
#2292=DIRECTION('ref_axis',(1.,0.,0.));
#2293=DIRECTION('center_axis',(0.,0.,1.));
#2294=DIRECTION('ref_axis',(-0.57377763078453,-0.819011129601601,0.));
#2295=DIRECTION('center_axis',(0.,0.,1.));
#2296=DIRECTION('ref_axis',(-0.57377763078453,-0.819011129601601,0.));
#2297=DIRECTION('',(0.,0.,1.));
#2298=DIRECTION('center_axis',(0.,0.,-1.));
#2299=DIRECTION('ref_axis',(-1.,-1.22464679914735E-16,0.));
#2300=DIRECTION('center_axis',(0.,0.,-1.));
#2301=DIRECTION('ref_axis',(1.,0.,0.));
#2302=DIRECTION('',(0.,0.,-1.));
#2303=DIRECTION('center_axis',(0.,0.,-1.));
#2304=DIRECTION('ref_axis',(1.,0.,0.));
#2305=DIRECTION('',(0.,0.,-1.));
#2306=DIRECTION('',(0.,0.,1.));
#2307=DIRECTION('center_axis',(0.,0.,1.));
#2308=DIRECTION('ref_axis',(-0.573777630784532,0.8190111296016,0.));
#2309=DIRECTION('center_axis',(0.,0.,1.));
#2310=DIRECTION('ref_axis',(-0.573777630784532,0.8190111296016,0.));
#2311=DIRECTION('',(0.,0.,1.));
#2312=DIRECTION('center_axis',(0.,0.,1.));
#2313=DIRECTION('ref_axis',(1.,0.,0.));
#2314=DIRECTION('',(0.,0.,-1.));
#2315=DIRECTION('center_axis',(0.,0.,1.));
#2316=DIRECTION('ref_axis',(1.,0.,0.));
#2317=DIRECTION('center_axis',(0.,0.,1.));
#2318=DIRECTION('ref_axis',(-0.955453171381025,0.295142740547589,0.));
#2319=DIRECTION('center_axis',(0.,0.,1.));
#2320=DIRECTION('ref_axis',(-0.955453171381025,0.295142740547589,0.));
#2321=DIRECTION('center_axis',(0.,0.,1.));
#2322=DIRECTION('ref_axis',(0.839073929331475,-0.544017408835635,0.));
#2323=DIRECTION('center_axis',(0.,0.,1.));
#2324=DIRECTION('ref_axis',(0.839073929331475,-0.544017408835635,0.));
#2325=DIRECTION('',(0.,0.,1.));
#2326=DIRECTION('center_axis',(0.,0.,1.));
#2327=DIRECTION('ref_axis',(0.839073929331478,0.54401740883563,0.));
#2328=DIRECTION('center_axis',(0.,0.,1.));
#2329=DIRECTION('ref_axis',(0.839073929331478,0.54401740883563,0.));
#2330=DIRECTION('',(0.,0.,-1.));
#2331=DIRECTION('center_axis',(0.,0.,1.));
#2332=DIRECTION('ref_axis',(-1.,1.22464679914735E-16,0.));
#2333=DIRECTION('center_axis',(0.,0.,1.));
#2334=DIRECTION('ref_axis',(1.,0.,0.));
#2335=DIRECTION('center_axis',(0.,0.,-1.));
#2336=DIRECTION('ref_axis',(-1.,0.,0.));
#2337=DIRECTION('center_axis',(0.,0.,-1.));
#2338=DIRECTION('ref_axis',(0.0729891183075244,-0.997332737158813,0.));
#2339=DIRECTION('center_axis',(0.,0.,1.));
#2340=DIRECTION('ref_axis',(1.,0.,0.));
#2341=DIRECTION('center_axis',(0.,0.,-1.));
#2342=DIRECTION('ref_axis',(0.971704802866674,0.23619859458904,0.));
#2343=DIRECTION('center_axis',(0.,0.,-1.));
#2344=DIRECTION('ref_axis',(1.,0.,0.));
#2345=DIRECTION('center_axis',(0.,0.,-1.));
#2346=DIRECTION('ref_axis',(-1.,0.,0.));
#2347=DIRECTION('center_axis',(0.,0.,-1.));
#2348=DIRECTION('ref_axis',(-1.,0.,0.));
#2349=DIRECTION('center_axis',(0.,0.,-1.));
#2350=DIRECTION('ref_axis',(0.971704802866675,-0.236198594589039,0.));
#2351=DIRECTION('center_axis',(0.,0.,1.));
#2352=DIRECTION('ref_axis',(1.,0.,0.));
#2353=DIRECTION('center_axis',(0.,0.,-1.));
#2354=DIRECTION('ref_axis',(0.0729891183075255,0.997332737158813,0.));
#2355=DIRECTION('center_axis',(0.,0.,-1.));
#2356=DIRECTION('ref_axis',(1.,0.,0.));
#2357=DIRECTION('center_axis',(0.,0.,-1.));
#2358=DIRECTION('ref_axis',(0.0729891183075244,-0.997332737158813,0.));
#2359=DIRECTION('',(0.,0.,-1.));
#2360=DIRECTION('center_axis',(0.,0.,1.));
#2361=DIRECTION('ref_axis',(-0.808236496228355,0.588858018680659,0.));
#2362=DIRECTION('',(0.,0.,1.));
#2363=DIRECTION('center_axis',(0.,0.,1.));
#2364=DIRECTION('ref_axis',(0.971704802866674,0.23619859458904,0.));
#2365=DIRECTION('center_axis',(0.,0.,-1.));
#2366=DIRECTION('ref_axis',(0.971704802866675,-0.236198594589039,0.));
#2367=DIRECTION('',(0.,0.,-1.));
#2368=DIRECTION('center_axis',(0.,0.,1.));
#2369=DIRECTION('ref_axis',(-0.808236496228356,-0.588858018680659,0.));
#2370=DIRECTION('',(0.,0.,1.));
#2371=DIRECTION('center_axis',(0.,0.,1.));
#2372=DIRECTION('ref_axis',(0.0729891183075255,0.997332737158813,0.));
#2373=DIRECTION('center_axis',(0.,0.,-1.));
#2374=DIRECTION('ref_axis',(1.,0.,0.));
#2375=DIRECTION('center_axis',(0.,0.,-1.));
#2376=DIRECTION('ref_axis',(1.,0.,0.));
#2377=DIRECTION('center_axis',(0.,0.,1.));
#2378=DIRECTION('ref_axis',(1.,0.,0.));
#2379=DIRECTION('',(0.,0.,1.));
#2380=DIRECTION('center_axis',(0.,0.,-1.));
#2381=DIRECTION('ref_axis',(1.,0.,0.));
#2382=DIRECTION('center_axis',(0.,0.,-1.));
#2383=DIRECTION('ref_axis',(1.,0.,0.));
#2384=DIRECTION('center_axis',(0.,0.,1.));
#2385=DIRECTION('ref_axis',(1.,0.,0.));
#2386=DIRECTION('',(0.,0.,1.));
#2387=DIRECTION('center_axis',(0.,0.,-1.));
#2388=DIRECTION('ref_axis',(1.,0.,0.));
#2389=DIRECTION('center_axis',(0.,0.,-1.));
#2390=DIRECTION('ref_axis',(-1.,0.,0.));
#2391=DIRECTION('center_axis',(0.,0.,1.));
#2392=DIRECTION('ref_axis',(1.,0.,0.));
#2393=DIRECTION('center_axis',(0.,0.,-1.));
#2394=DIRECTION('ref_axis',(1.,0.,0.));
#2395=DIRECTION('',(0.,0.,1.));
#2396=DIRECTION('center_axis',(0.,0.,-1.));
#2397=DIRECTION('ref_axis',(0.564483744618738,-0.825444184703731,0.));
#2398=DIRECTION('',(0.,0.,-1.));
#2399=DIRECTION('',(0.,0.,-1.));
#2400=DIRECTION('center_axis',(0.,0.,-1.));
#2401=DIRECTION('ref_axis',(0.432613761050196,-0.90157935521506,0.));
#2402=DIRECTION('',(0.,0.,-1.));
#2403=DIRECTION('center_axis',(0.,0.,-1.));
#2404=DIRECTION('ref_axis',(-0.432613761050196,0.90157935521506,0.));
#2405=DIRECTION('',(0.,0.,-1.));
#2406=DIRECTION('center_axis',(0.,0.,-1.));
#2407=DIRECTION('ref_axis',(0.432613761050196,-0.90157935521506,0.));
#2408=DIRECTION('center_axis',(0.,0.,-1.));
#2409=DIRECTION('ref_axis',(0.432613761050199,0.901579355215059,0.));
#2410=DIRECTION('',(0.,0.,-1.));
#2411=DIRECTION('',(0.,0.,-1.));
#2412=DIRECTION('center_axis',(0.,0.,-1.));
#2413=DIRECTION('ref_axis',(0.564483744618739,0.825444184703731,0.));
#2414=DIRECTION('',(0.,0.,-1.));
#2415=DIRECTION('center_axis',(0.,0.,-1.));
#2416=DIRECTION('ref_axis',(-0.564483744618737,-0.825444184703732,0.));
#2417=DIRECTION('',(0.,0.,-1.));
#2418=DIRECTION('center_axis',(0.,0.,-1.));
#2419=DIRECTION('ref_axis',(0.564483744618739,0.825444184703731,0.));
#2420=DIRECTION('center_axis',(0.,0.,-1.));
#2421=DIRECTION('ref_axis',(0.076135177940282,-0.997097505101683,0.));
#2422=DIRECTION('',(0.,0.,-1.));
#2423=DIRECTION('',(0.,0.,-1.));
#2424=DIRECTION('center_axis',(0.,0.,-1.));
#2425=DIRECTION('ref_axis',(-0.997097505668934,0.0761351705113298,0.));
#2426=DIRECTION('',(0.,0.,-1.));
#2427=DIRECTION('center_axis',(0.,0.,-1.));
#2428=DIRECTION('ref_axis',(0.997097505668934,-0.0761351705113322,0.));
#2429=DIRECTION('',(0.,0.,-1.));
#2430=DIRECTION('center_axis',(0.,0.,-1.));
#2431=DIRECTION('ref_axis',(-0.997097505668934,0.0761351705113299,0.));
#2432=DIRECTION('center_axis',(0.,0.,-1.));
#2433=DIRECTION('ref_axis',(-0.076135177940282,0.997097505101683,0.));
#2434=DIRECTION('',(0.,0.,-1.));
#2435=DIRECTION('',(0.,0.,-1.));
#2436=DIRECTION('center_axis',(0.,0.,-1.));
#2437=DIRECTION('ref_axis',(0.997097505668935,-0.0761351705113296,0.));
#2438=DIRECTION('',(0.,0.,-1.));
#2439=DIRECTION('center_axis',(0.,0.,-1.));
#2440=DIRECTION('ref_axis',(-0.997097505668935,0.0761351705113269,0.));
#2441=DIRECTION('',(0.,0.,-1.));
#2442=DIRECTION('center_axis',(0.,0.,-1.));
#2443=DIRECTION('ref_axis',(0.997097505668935,-0.0761351705113299,0.));
#2444=DIRECTION('center_axis',(0.,0.,-1.));
#2445=DIRECTION('ref_axis',(-0.4326137610502,-0.901579355215058,0.));
#2446=DIRECTION('',(0.,0.,-1.));
#2447=DIRECTION('',(0.,0.,-1.));
#2448=DIRECTION('center_axis',(0.,0.,-1.));
#2449=DIRECTION('ref_axis',(-0.564483744618739,-0.82544418470373,0.));
#2450=DIRECTION('',(0.,0.,-1.));
#2451=DIRECTION('center_axis',(0.,0.,-1.));
#2452=DIRECTION('ref_axis',(0.564483744618741,0.825444184703729,0.));
#2453=DIRECTION('',(0.,0.,-1.));
#2454=DIRECTION('center_axis',(0.,0.,-1.));
#2455=DIRECTION('ref_axis',(-0.564483744618739,-0.82544418470373,0.));
#2456=DIRECTION('center_axis',(0.,0.,-1.));
#2457=DIRECTION('ref_axis',(-0.564483744618738,0.825444184703731,0.));
#2458=DIRECTION('',(0.,0.,-1.));
#2459=DIRECTION('',(0.,0.,-1.));
#2460=DIRECTION('center_axis',(0.,0.,-1.));
#2461=DIRECTION('ref_axis',(-0.432613761050196,0.90157935521506,0.));
#2462=DIRECTION('',(0.,0.,-1.));
#2463=DIRECTION('center_axis',(0.,0.,-1.));
#2464=DIRECTION('ref_axis',(0.432613761050194,-0.901579355215061,0.));
#2465=DIRECTION('',(0.,0.,-1.));
#2466=DIRECTION('center_axis',(0.,0.,-1.));
#2467=DIRECTION('ref_axis',(-0.432613761050196,0.90157935521506,0.));
#2468=DIRECTION('center_axis',(0.,-1.,0.));
#2469=DIRECTION('ref_axis',(-1.,0.,0.));
#2470=DIRECTION('',(0.,0.,1.));
#2471=DIRECTION('center_axis',(1.,0.,0.));
#2472=DIRECTION('ref_axis',(0.,-1.,0.));
#2473=DIRECTION('',(0.,0.,-1.));
#2474=DIRECTION('center_axis',(0.,1.,0.));
#2475=DIRECTION('ref_axis',(1.,0.,0.));
#2476=CARTESIAN_POINT('',(0.,0.,0.));
#2477=CARTESIAN_POINT('Origin',(45.85,-15.2,-20.3));
#2478=CARTESIAN_POINT('',(43.6,-17.2,-20.3));
#2479=CARTESIAN_POINT('',(43.6,-15.2,-22.3));
#2480=CARTESIAN_POINT('Origin',(43.6,-15.2,-20.3));
#2481=CARTESIAN_POINT('',(46.6,-15.2,-22.3));
#2482=CARTESIAN_POINT('',(45.85,-15.2,-22.3));
#2483=CARTESIAN_POINT('',(46.6,-17.2,-20.3));
#2484=CARTESIAN_POINT('Origin',(46.6,-15.2,-20.3));
#2485=CARTESIAN_POINT('',(45.85,-17.2,-20.3));
#2486=CARTESIAN_POINT('Origin',(45.1,-2.22044604925031E-15,-22.3));
#2487=CARTESIAN_POINT('',(43.6,15.2,-22.3));
#2488=CARTESIAN_POINT('',(43.6,-8.6,-22.3));
#2489=CARTESIAN_POINT('',(46.6,15.2,-22.3));
#2490=CARTESIAN_POINT('',(44.35,15.2,-22.3));
#2491=CARTESIAN_POINT('',(46.6,8.6,-22.3));
#2492=CARTESIAN_POINT('Origin',(43.6,13.,-12.));
#2493=CARTESIAN_POINT('',(43.6,-17.2,-14.));
#2494=CARTESIAN_POINT('',(43.6,-17.2,-20.3));
#2495=CARTESIAN_POINT('',(43.6,-19.2,-12.));
#2496=CARTESIAN_POINT('Origin',(43.6,-19.2,-14.));
#2497=CARTESIAN_POINT('',(43.6,-12.,-12.));
#2498=CARTESIAN_POINT('',(43.6,-8.6,-12.));
#2499=CARTESIAN_POINT('',(43.6,-14.,-14.));
#2500=CARTESIAN_POINT('Origin',(43.6,-12.,-14.));
#2501=CARTESIAN_POINT('',(43.6,-14.,-18.3));
#2502=CARTESIAN_POINT('',(43.6,-14.,-12.));
#2503=CARTESIAN_POINT('',(43.6,-12.,-20.3));
#2504=CARTESIAN_POINT('Origin',(43.6,-12.,-18.3));
#2505=CARTESIAN_POINT('',(43.6,12.,-20.3));
#2506=CARTESIAN_POINT('',(43.6,-8.6,-20.3));
#2507=CARTESIAN_POINT('',(43.6,14.,-18.3));
#2508=CARTESIAN_POINT('Origin',(43.6,12.,-18.3));
#2509=CARTESIAN_POINT('',(43.6,14.,-14.));
#2510=CARTESIAN_POINT('',(43.6,14.,-12.));
#2511=CARTESIAN_POINT('',(43.6,12.,-12.));
#2512=CARTESIAN_POINT('Origin',(43.6,12.,-14.));
#2513=CARTESIAN_POINT('',(43.6,19.2,-12.));
#2514=CARTESIAN_POINT('',(43.6,12.2,-12.));
#2515=CARTESIAN_POINT('',(43.6,17.2,-14.));
#2516=CARTESIAN_POINT('Origin',(43.6,19.2,-14.));
#2517=CARTESIAN_POINT('',(43.6,17.2,-20.3));
#2518=CARTESIAN_POINT('',(43.6,17.2,-12.));
#2519=CARTESIAN_POINT('Origin',(43.6,15.2,-20.3));
#2520=CARTESIAN_POINT('Origin',(44.35,-12.,-18.3));
#2521=CARTESIAN_POINT('',(46.6,-14.,-18.3));
#2522=CARTESIAN_POINT('',(46.6,-12.,-20.3));
#2523=CARTESIAN_POINT('Origin',(46.6,-12.,-18.3));
#2524=CARTESIAN_POINT('',(44.35,-12.,-20.3));
#2525=CARTESIAN_POINT('',(44.35,-14.,-18.3));
#2526=CARTESIAN_POINT('Origin',(45.1,-2.22044604925031E-15,-20.3));
#2527=CARTESIAN_POINT('',(46.6,12.,-20.3));
#2528=CARTESIAN_POINT('',(46.6,8.6,-20.3));
#2529=CARTESIAN_POINT('',(45.85,12.,-20.3));
#2530=CARTESIAN_POINT('Origin',(45.85,12.,-18.3));
#2531=CARTESIAN_POINT('',(46.6,14.,-18.3));
#2532=CARTESIAN_POINT('Origin',(46.6,12.,-18.3));
#2533=CARTESIAN_POINT('',(45.85,14.,-18.3));
#2534=CARTESIAN_POINT('Origin',(44.35,15.2,-20.3));
#2535=CARTESIAN_POINT('',(46.6,17.2,-20.3));
#2536=CARTESIAN_POINT('Origin',(46.6,15.2,-20.3));
#2537=CARTESIAN_POINT('',(44.35,17.2,-20.3));
#2538=CARTESIAN_POINT('Origin',(37.8,12.,-14.));
#2539=CARTESIAN_POINT('',(46.6,14.,-14.));
#2540=CARTESIAN_POINT('',(46.6,12.,-12.));
#2541=CARTESIAN_POINT('Origin',(46.6,12.,-14.));
#2542=CARTESIAN_POINT('',(37.8,12.,-12.));
#2543=CARTESIAN_POINT('',(37.8,14.,-14.));
#2544=CARTESIAN_POINT('Origin',(29.,0.,-12.));
#2545=CARTESIAN_POINT('',(2.49999999999999,-5.28365011794451E-15,-12.));
#2546=CARTESIAN_POINT('Origin',(29.,-2.03833610020402E-15,-12.));
#2547=CARTESIAN_POINT('',(11.5,-10.2,-12.));
#2548=CARTESIAN_POINT('Origin',(15.,-10.2,-12.));
#2549=CARTESIAN_POINT('',(39.,2.5876425418956E-15,-12.));
#2550=CARTESIAN_POINT('Origin',(42.5,2.15901616219402E-15,-12.));
#2551=CARTESIAN_POINT('',(19.8830862630458,12.7309027139844,-12.));
#2552=CARTESIAN_POINT('',(14.0875309879874,4.77621900311999,-12.));
#2553=CARTESIAN_POINT('Origin',(15.,10.2,-12.));
#2554=CARTESIAN_POINT('',(11.7887207293061,3.16573306931963,-12.));
#2555=CARTESIAN_POINT('Origin',(13.7557240745283,2.80393500425453,-12.));
#2556=CARTESIAN_POINT('',(11.7887207293061,-3.16573306931962,-12.));
#2557=CARTESIAN_POINT('Origin',(29.,-2.03833610020402E-15,-12.));
#2558=CARTESIAN_POINT('',(14.0875309879874,-4.77621900311999,-12.));
#2559=CARTESIAN_POINT('Origin',(13.7557240745283,-2.80393500425453,-12.));
#2560=CARTESIAN_POINT('',(19.8830862630458,-12.7309027139844,-12.));
#2561=CARTESIAN_POINT('Origin',(15.,-10.2,-12.));
#2562=CARTESIAN_POINT('',(20.7114964460382,-15.4126801315009,-12.));
#2563=CARTESIAN_POINT('Origin',(21.6587539950624,-13.6512309736151,-12.));
#2564=CARTESIAN_POINT('',(44.6182795698925,-7.89426014751724,-12.));
#2565=CARTESIAN_POINT('Origin',(29.,-2.03833610020402E-15,-12.));
#2566=CARTESIAN_POINT('',(42.7380952380952,-4.99432784842927,-12.));
#2567=CARTESIAN_POINT('Origin',(42.8333333333333,-6.99205898780099,-12.));
#2568=CARTESIAN_POINT('',(42.7380952380952,4.99432784842928,-12.));
#2569=CARTESIAN_POINT('Origin',(42.5,2.15901616219402E-15,-12.));
#2570=CARTESIAN_POINT('',(44.6182795698925,7.89426014751724,-12.));
#2571=CARTESIAN_POINT('Origin',(42.8333333333333,6.99205898780099,-12.));
#2572=CARTESIAN_POINT('',(20.7114964460382,15.4126801315009,-12.));
#2573=CARTESIAN_POINT('Origin',(29.,-2.03833610020402E-15,-12.));
#2574=CARTESIAN_POINT('Origin',(21.6587539950624,13.6512309736151,-12.));
#2575=CARTESIAN_POINT('',(18.0490153543965,16.0136171832524,-12.));
#2576=CARTESIAN_POINT('',(20.6072930356262,17.4906394911722,-12.));
#2577=CARTESIAN_POINT('Origin',(29.,-2.03833610020402E-15,-12.));
#2578=CARTESIAN_POINT('',(19.2229290002656,20.3756934278604,-12.));
#2579=CARTESIAN_POINT('Origin',(19.9151110179459,18.9331664595163,-12.));
#2580=CARTESIAN_POINT('',(16.2426673716165,18.6550385743043,-12.));
#2581=CARTESIAN_POINT('Origin',(29.,-2.03833610020402E-15,-12.));
#2582=CARTESIAN_POINT('Origin',(17.1458413630065,17.3343278787784,-12.));
#2583=CARTESIAN_POINT('',(20.6072930356262,-17.4906394911722,-12.));
#2584=CARTESIAN_POINT('',(18.0490153543965,-16.0136171832524,-12.));
#2585=CARTESIAN_POINT('Origin',(29.,0.,-12.));
#2586=CARTESIAN_POINT('',(16.2426673716165,-18.6550385743043,-12.));
#2587=CARTESIAN_POINT('Origin',(17.1458413630065,-17.3343278787783,-12.));
#2588=CARTESIAN_POINT('',(19.2229290002655,-20.3756934278603,-12.));
#2589=CARTESIAN_POINT('Origin',(29.,0.,-12.));
#2590=CARTESIAN_POINT('Origin',(19.9151110179458,-18.9331664595163,-12.));
#2591=CARTESIAN_POINT('',(48.3436916117925,1.47702228414712,-12.));
#2592=CARTESIAN_POINT('',(48.3436916099773,-1.4770223079198,-12.));
#2593=CARTESIAN_POINT('Origin',(29.,0.,-12.));
#2594=CARTESIAN_POINT('',(51.5344036281179,-1.72065485355605,-12.));
#2595=CARTESIAN_POINT('Origin',(49.9390476190476,-1.59883858073792,-12.));
#2596=CARTESIAN_POINT('',(51.5344036281179,1.72065485355602,-12.));
#2597=CARTESIAN_POINT('Origin',(29.,0.,-12.));
#2598=CARTESIAN_POINT('Origin',(49.9390476190476,1.5988385807379,-12.));
#2599=CARTESIAN_POINT('',(9.65630838820746,-1.47702228414712,-12.));
#2600=CARTESIAN_POINT('',(9.65630839002266,1.4770223079198,-12.));
#2601=CARTESIAN_POINT('Origin',(29.,0.,-12.));
#2602=CARTESIAN_POINT('',(6.46559637188207,1.72065485355606,-12.));
#2603=CARTESIAN_POINT('Origin',(8.06095238095237,1.59883858073793,-12.));
#2604=CARTESIAN_POINT('',(6.46559637188207,-1.72065485355602,-12.));
#2605=CARTESIAN_POINT('Origin',(29.,0.,-12.));
#2606=CARTESIAN_POINT('Origin',(8.06095238095237,-1.5988385807379,-12.));
#2607=CARTESIAN_POINT('',(37.3927069643738,17.4906394911722,-12.));
#2608=CARTESIAN_POINT('',(39.9509846456035,16.0136171832524,-12.));
#2609=CARTESIAN_POINT('Origin',(29.,0.,-12.));
#2610=CARTESIAN_POINT('',(41.7573326283835,18.6550385743043,-12.));
#2611=CARTESIAN_POINT('Origin',(40.8541586369935,17.3343278787783,-12.));
#2612=CARTESIAN_POINT('',(38.7770709997344,20.3756934278604,-12.));
#2613=CARTESIAN_POINT('Origin',(29.,0.,-12.));
#2614=CARTESIAN_POINT('Origin',(38.0848889820541,18.9331664595163,-12.));
#2615=CARTESIAN_POINT('',(39.9509846456035,-16.0136171832524,-12.));
#2616=CARTESIAN_POINT('',(37.3927069643738,-17.4906394911722,-12.));
#2617=CARTESIAN_POINT('Origin',(29.,-2.03833610020402E-15,-12.));
#2618=CARTESIAN_POINT('',(38.7770709997344,-20.3756934278604,-12.));
#2619=CARTESIAN_POINT('Origin',(38.0848889820541,-18.9331664595163,-12.));
#2620=CARTESIAN_POINT('',(41.7573326283835,-18.6550385743043,-12.));
#2621=CARTESIAN_POINT('Origin',(29.,-2.03833610020402E-15,-12.));
#2622=CARTESIAN_POINT('Origin',(40.8541586369935,-17.3343278787784,-12.));
#2623=CARTESIAN_POINT('',(11.5,10.2,-12.));
#2624=CARTESIAN_POINT('Origin',(15.,10.2,-12.));
#2625=CARTESIAN_POINT('',(46.6,19.2,-12.));
#2626=CARTESIAN_POINT('',(46.6,17.2,-12.));
#2627=CARTESIAN_POINT('',(36.3,19.2,-12.));
#2628=CARTESIAN_POINT('',(46.6,-19.2,-12.));
#2629=CARTESIAN_POINT('',(46.6,-12.,-12.));
#2630=CARTESIAN_POINT('',(46.6,-6.5,-12.));
#2631=CARTESIAN_POINT('',(36.3,-12.,-12.));
#2632=CARTESIAN_POINT('',(37.8,-19.2,-12.));
#2633=CARTESIAN_POINT('Origin',(37.8,-19.2,-14.));
#2634=CARTESIAN_POINT('',(46.6,-17.2,-14.));
#2635=CARTESIAN_POINT('',(37.8,-17.2,-14.));
#2636=CARTESIAN_POINT('Origin',(46.6,-19.2,-14.));
#2637=CARTESIAN_POINT('Origin',(46.6,-17.2,-12.));
#2638=CARTESIAN_POINT('',(46.6,-17.2,-12.));
#2639=CARTESIAN_POINT('Origin',(36.3,-12.,-14.));
#2640=CARTESIAN_POINT('',(46.6,-14.,-14.));
#2641=CARTESIAN_POINT('Origin',(46.6,-12.,-14.));
#2642=CARTESIAN_POINT('',(36.3,-14.,-14.));
#2643=CARTESIAN_POINT('Origin',(43.6,-14.,-12.));
#2644=CARTESIAN_POINT('',(46.6,-14.,-12.));
#2645=CARTESIAN_POINT('Origin',(36.3,19.2,-14.));
#2646=CARTESIAN_POINT('',(46.6,17.2,-14.));
#2647=CARTESIAN_POINT('Origin',(46.6,19.2,-14.));
#2648=CARTESIAN_POINT('',(36.3,17.2,-14.));
#2649=CARTESIAN_POINT('Origin',(35.1,14.7915516427453,-2.));
#2650=CARTESIAN_POINT('',(33.6,14.7915516427453,-4.));
#2651=CARTESIAN_POINT('',(35.671875,16.1782596092526,-4.));
#2652=CARTESIAN_POINT('Origin',(35.1,14.7915516427453,-4.));
#2653=CARTESIAN_POINT('',(35.671875,16.1782596092526,-2.));
#2654=CARTESIAN_POINT('',(35.671875,16.1782596092526,-2.));
#2655=CARTESIAN_POINT('',(33.6,14.7915516427453,-2.));
#2656=CARTESIAN_POINT('Origin',(35.1,14.7915516427453,-2.));
#2657=CARTESIAN_POINT('',(33.6,14.7915516427453,-2.));
#2658=CARTESIAN_POINT('Origin',(29.,-2.03833610020402E-15,-2.));
#2659=CARTESIAN_POINT('',(22.328125,16.1782596092526,-4.));
#2660=CARTESIAN_POINT('Origin',(29.,-2.03833610020402E-15,-4.));
#2661=CARTESIAN_POINT('',(22.328125,16.1782596092526,-2.));
#2662=CARTESIAN_POINT('',(22.328125,16.1782596092526,-2.));
#2663=CARTESIAN_POINT('',(19.0269606607248,14.3801420833478,-2.));
#2664=CARTESIAN_POINT('Origin',(29.,-2.03833610020402E-15,-2.));
#2665=CARTESIAN_POINT('',(19.0269606607248,14.3801420833478,-10.));
#2666=CARTESIAN_POINT('',(19.0269606607248,14.3801420833478,-2.));
#2667=CARTESIAN_POINT('',(20.7114964460382,15.4126801315009,-10.));
#2668=CARTESIAN_POINT('Origin',(29.,-2.03833610020402E-15,-10.));
#2669=CARTESIAN_POINT('',(20.7114964460382,15.4126801315009,-12.));
#2670=CARTESIAN_POINT('',(44.6182795698925,7.89426014751725,-10.));
#2671=CARTESIAN_POINT('',(44.6182795698925,7.89426014751725,-2.));
#2672=CARTESIAN_POINT('',(44.6182795698925,-7.89426014751725,-10.));
#2673=CARTESIAN_POINT('Origin',(29.,-2.03833610020402E-15,-10.));
#2674=CARTESIAN_POINT('',(44.6182795698925,-7.89426014751725,-12.));
#2675=CARTESIAN_POINT('',(20.7114964460382,-15.4126801315009,-10.));
#2676=CARTESIAN_POINT('',(20.7114964460382,-15.4126801315009,-2.));
#2677=CARTESIAN_POINT('',(19.0269606607248,-14.3801420833478,-10.));
#2678=CARTESIAN_POINT('Origin',(29.,-2.03833610020402E-15,-10.));
#2679=CARTESIAN_POINT('',(19.0269606607248,-14.3801420833478,-2.));
#2680=CARTESIAN_POINT('',(19.0269606607248,-14.3801420833478,-2.));
#2681=CARTESIAN_POINT('',(22.328125,-16.1782596092526,-2.));
#2682=CARTESIAN_POINT('Origin',(29.,-2.03833610020402E-15,-2.));
#2683=CARTESIAN_POINT('',(22.328125,-16.1782596092526,-4.));
#2684=CARTESIAN_POINT('',(22.328125,-16.1782596092526,-2.));
#2685=CARTESIAN_POINT('',(35.671875,-16.1782596092526,-4.));
#2686=CARTESIAN_POINT('Origin',(29.,-2.03833610020402E-15,-4.));
#2687=CARTESIAN_POINT('',(35.671875,-16.1782596092526,-2.));
#2688=CARTESIAN_POINT('',(35.671875,-16.1782596092526,-2.));
#2689=CARTESIAN_POINT('Origin',(29.,-2.03833610020402E-15,-2.));
#2690=CARTESIAN_POINT('Origin',(35.1,-14.7915516427453,-2.));
#2691=CARTESIAN_POINT('',(33.6,-14.7915516427453,-4.));
#2692=CARTESIAN_POINT('Origin',(35.1,-14.7915516427453,-4.));
#2693=CARTESIAN_POINT('',(33.6,-14.7915516427453,-2.));
#2694=CARTESIAN_POINT('',(33.6,-14.7915516427453,-2.));
#2695=CARTESIAN_POINT('Origin',(35.1,-14.7915516427453,-2.));
#2696=CARTESIAN_POINT('Origin',(33.6,-24.5731560854523,-4.));
#2697=CARTESIAN_POINT('',(33.6,12.2865780427261,-2.));
#2698=CARTESIAN_POINT('',(33.6,12.2865780427261,-4.));
#2699=CARTESIAN_POINT('Origin',(22.9,-14.7915516427453,-2.));
#2700=CARTESIAN_POINT('',(24.4,-14.7915516427453,-4.));
#2701=CARTESIAN_POINT('Origin',(22.9,-14.7915516427453,-4.));
#2702=CARTESIAN_POINT('',(24.4,-14.7915516427453,-2.));
#2703=CARTESIAN_POINT('Origin',(22.9,-14.7915516427453,-2.));
#2704=CARTESIAN_POINT('',(24.4,-14.7915516427453,-2.));
#2705=CARTESIAN_POINT('Origin',(22.9,14.7915516427453,-2.));
#2706=CARTESIAN_POINT('',(24.4,14.7915516427453,-4.));
#2707=CARTESIAN_POINT('Origin',(22.9,14.7915516427453,-4.));
#2708=CARTESIAN_POINT('',(24.4,14.7915516427453,-2.));
#2709=CARTESIAN_POINT('',(24.4,14.7915516427453,-2.));
#2710=CARTESIAN_POINT('Origin',(22.9,14.7915516427453,-2.));
#2711=CARTESIAN_POINT('Origin',(24.4,24.5731560854523,-4.));
#2712=CARTESIAN_POINT('',(24.4,-12.2865780427261,-2.));
#2713=CARTESIAN_POINT('',(24.4,-12.2865780427261,-4.));
#2714=CARTESIAN_POINT('Origin',(29.,10.,-2.));
#2715=CARTESIAN_POINT('',(24.6,10.,1.5));
#2716=CARTESIAN_POINT('Origin',(29.,10.,1.5));
#2717=CARTESIAN_POINT('',(24.6,10.,-2.));
#2718=CARTESIAN_POINT('',(24.6,10.,-2.));
#2719=CARTESIAN_POINT('Origin',(29.,10.,-2.));
#2720=CARTESIAN_POINT('Origin',(29.,-2.22044604925031E-15,1.5));
#2721=CARTESIAN_POINT('',(25.4,10.,1.5));
#2722=CARTESIAN_POINT('Origin',(29.,10.,1.5));
#2723=CARTESIAN_POINT('Origin',(29.,0.,-2.));
#2724=CARTESIAN_POINT('',(4.49999999999999,9.62048557706996E-16,-2.));
#2725=CARTESIAN_POINT('Origin',(29.,-2.03833610020402E-15,-2.));
#2726=CARTESIAN_POINT('',(16.9988202020097,-14.2317140027584,-2.));
#2727=CARTESIAN_POINT('Origin',(17.8871847362362,-16.0235868928732,-2.));
#2728=CARTESIAN_POINT('',(11.7749432961906,-7.06168687712431,-2.));
#2729=CARTESIAN_POINT('Origin',(15.,-10.2,-2.));
#2730=CARTESIAN_POINT('',(12.2552683754037,-5.08566247604434,-2.));
#2731=CARTESIAN_POINT('Origin',(10.3415847611641,-5.66688104473512,-2.));
#2732=CARTESIAN_POINT('',(12.2552683754037,5.08566247604434,-2.));
#2733=CARTESIAN_POINT('Origin',(29.,-2.03833610020402E-15,-2.));
#2734=CARTESIAN_POINT('',(11.7749432961906,7.06168687712431,-2.));
#2735=CARTESIAN_POINT('Origin',(10.3415847611641,5.66688104473512,-2.));
#2736=CARTESIAN_POINT('',(16.9988202020097,14.2317140027584,-2.));
#2737=CARTESIAN_POINT('Origin',(15.,10.2,-2.));
#2738=CARTESIAN_POINT('Origin',(17.8871847362362,16.0235868928732,-2.));
#2739=CARTESIAN_POINT('',(20.6072930356262,17.4906394911722,-2.));
#2740=CARTESIAN_POINT('',(18.0490153543965,16.0136171832524,-2.));
#2741=CARTESIAN_POINT('Origin',(29.,-2.03833610020402E-15,-2.));
#2742=CARTESIAN_POINT('',(16.2426673716165,18.6550385743043,-2.));
#2743=CARTESIAN_POINT('Origin',(17.1458413630065,17.3343278787784,-2.));
#2744=CARTESIAN_POINT('',(19.2229290002656,20.3756934278604,-2.));
#2745=CARTESIAN_POINT('Origin',(29.,-2.03833610020402E-15,-2.));
#2746=CARTESIAN_POINT('Origin',(19.9151110179459,18.9331664595163,-2.));
#2747=CARTESIAN_POINT('',(18.0490153543965,-16.0136171832524,-2.));
#2748=CARTESIAN_POINT('',(20.6072930356262,-17.4906394911722,-2.));
#2749=CARTESIAN_POINT('Origin',(29.,0.,-2.));
#2750=CARTESIAN_POINT('',(19.2229290002655,-20.3756934278603,-2.));
#2751=CARTESIAN_POINT('Origin',(19.9151110179458,-18.9331664595163,-2.));
#2752=CARTESIAN_POINT('',(16.2426673716165,-18.6550385743043,-2.));
#2753=CARTESIAN_POINT('Origin',(29.,0.,-2.));
#2754=CARTESIAN_POINT('Origin',(17.1458413630065,-17.3343278787783,-2.));
#2755=CARTESIAN_POINT('',(9.65630839002266,1.4770223079198,-2.));
#2756=CARTESIAN_POINT('',(9.65630838820746,-1.47702228414712,-2.));
#2757=CARTESIAN_POINT('Origin',(29.,0.,-2.));
#2758=CARTESIAN_POINT('',(6.46559637188207,-1.72065485355602,-2.));
#2759=CARTESIAN_POINT('Origin',(8.06095238095237,-1.5988385807379,-2.));
#2760=CARTESIAN_POINT('',(6.46559637188207,1.72065485355606,-2.));
#2761=CARTESIAN_POINT('Origin',(29.,0.,-2.));
#2762=CARTESIAN_POINT('Origin',(8.06095238095237,1.59883858073793,-2.));
#2763=CARTESIAN_POINT('',(48.3436916099773,-1.4770223079198,-2.));
#2764=CARTESIAN_POINT('',(48.3436916117925,1.47702228414712,-2.));
#2765=CARTESIAN_POINT('Origin',(29.,0.,-2.));
#2766=CARTESIAN_POINT('',(51.5344036281179,1.72065485355602,-2.));
#2767=CARTESIAN_POINT('Origin',(49.9390476190476,1.5988385807379,-2.));
#2768=CARTESIAN_POINT('',(51.5344036281179,-1.72065485355605,-2.));
#2769=CARTESIAN_POINT('Origin',(29.,0.,-2.));
#2770=CARTESIAN_POINT('Origin',(49.9390476190476,-1.59883858073792,-2.));
#2771=CARTESIAN_POINT('',(39.9509846456035,16.0136171832524,-2.));
#2772=CARTESIAN_POINT('',(37.3927069643738,17.4906394911722,-2.));
#2773=CARTESIAN_POINT('Origin',(29.,0.,-2.));
#2774=CARTESIAN_POINT('',(38.7770709997344,20.3756934278604,-2.));
#2775=CARTESIAN_POINT('Origin',(38.0848889820541,18.9331664595163,-2.));
#2776=CARTESIAN_POINT('',(41.7573326283835,18.6550385743043,-2.));
#2777=CARTESIAN_POINT('Origin',(29.,0.,-2.));
#2778=CARTESIAN_POINT('Origin',(40.8541586369935,17.3343278787783,-2.));
#2779=CARTESIAN_POINT('',(37.3927069643738,-17.4906394911722,-2.));
#2780=CARTESIAN_POINT('',(39.9509846456035,-16.0136171832524,-2.));
#2781=CARTESIAN_POINT('Origin',(29.,-2.03833610020402E-15,-2.));
#2782=CARTESIAN_POINT('',(41.7573326283835,-18.6550385743043,-2.));
#2783=CARTESIAN_POINT('Origin',(40.8541586369935,-17.3343278787784,-2.));
#2784=CARTESIAN_POINT('',(38.7770709997344,-20.3756934278604,-2.));
#2785=CARTESIAN_POINT('Origin',(29.,-2.03833610020402E-15,-2.));
#2786=CARTESIAN_POINT('Origin',(38.0848889820541,-18.9331664595163,-2.));
#2787=CARTESIAN_POINT('',(24.6,-10.,-2.));
#2788=CARTESIAN_POINT('Origin',(29.,-10.,-2.));
#2789=CARTESIAN_POINT('Origin',(29.,-10.,-2.));
#2790=CARTESIAN_POINT('',(24.6,-10.,1.5));
#2791=CARTESIAN_POINT('Origin',(29.,-10.,1.5));
#2792=CARTESIAN_POINT('',(24.6,-10.,-2.));
#2793=CARTESIAN_POINT('Origin',(29.,-2.22044604925031E-15,1.5));
#2794=CARTESIAN_POINT('',(25.4,-10.,1.5));
#2795=CARTESIAN_POINT('Origin',(29.,-10.,1.5));
#2796=CARTESIAN_POINT('Origin',(35.45,0.,-4.));
#2797=CARTESIAN_POINT('',(25.4,10.,-4.));
#2798=CARTESIAN_POINT('Origin',(29.,10.,-4.));
#2799=CARTESIAN_POINT('',(25.4,-10.,-4.));
#2800=CARTESIAN_POINT('Origin',(29.,-10.,-4.));
#2801=CARTESIAN_POINT('Origin',(29.,10.,-4.));
#2802=CARTESIAN_POINT('',(25.4,10.,-4.));
#2803=CARTESIAN_POINT('Origin',(29.,-10.,-4.));
#2804=CARTESIAN_POINT('',(25.4,-10.,-4.));
#2805=CARTESIAN_POINT('Origin',(29.,-2.03833610020402E-15,-2.));
#2806=CARTESIAN_POINT('',(4.49999999999999,-5.03872075811503E-15,-10.));
#2807=CARTESIAN_POINT('Origin',(29.,-2.03833610020402E-15,-10.));
#2808=CARTESIAN_POINT('',(4.49999999999999,9.62048557706996E-16,-2.));
#2809=CARTESIAN_POINT('Origin',(15.,-10.2,-12.5));
#2810=CARTESIAN_POINT('',(12.5,-10.2,-13.));
#2811=CARTESIAN_POINT('',(12.,-10.2,-12.5));
#2812=CARTESIAN_POINT('Origin',(15.,-10.2,-13.));
#2813=CARTESIAN_POINT('Origin',(15.,-10.2,-12.));
#2814=CARTESIAN_POINT('',(12.5,-10.2,-16.));
#2815=CARTESIAN_POINT('Origin',(15.,-10.2,-16.));
#2816=CARTESIAN_POINT('',(12.5,-10.2,-12.));
#2817=CARTESIAN_POINT('Origin',(15.,10.2,-12.5));
#2818=CARTESIAN_POINT('',(12.5,10.2,-13.));
#2819=CARTESIAN_POINT('',(12.,10.2,-12.5));
#2820=CARTESIAN_POINT('Origin',(15.,10.2,-13.));
#2821=CARTESIAN_POINT('Origin',(15.,10.2,-12.));
#2822=CARTESIAN_POINT('',(12.5,10.2,-16.));
#2823=CARTESIAN_POINT('Origin',(15.,10.2,-16.));
#2824=CARTESIAN_POINT('',(12.5,10.2,-12.));
#2825=CARTESIAN_POINT('Origin',(42.5,2.15901616219402E-15,-12.5));
#2826=CARTESIAN_POINT('',(40.,1.85285446240719E-15,-13.));
#2827=CARTESIAN_POINT('',(39.5,1.79162212244982E-15,-12.5));
#2828=CARTESIAN_POINT('Origin',(42.5,2.15901616219402E-15,-13.));
#2829=CARTESIAN_POINT('Origin',(42.5,2.15901616219402E-15,-12.));
#2830=CARTESIAN_POINT('',(40.,2.46517786198086E-15,-16.));
#2831=CARTESIAN_POINT('Origin',(42.5,2.15901616219402E-15,-16.));
#2832=CARTESIAN_POINT('',(40.,2.46517786198086E-15,-12.));
#2833=CARTESIAN_POINT('Origin',(21.6587539950624,-13.6512309736151,-2.));
#2834=CARTESIAN_POINT('',(19.8830862630458,-12.7309027139844,-10.));
#2835=CARTESIAN_POINT('Origin',(21.6587539950624,-13.6512309736151,-10.));
#2836=CARTESIAN_POINT('',(19.8830862630458,-12.7309027139844,-2.));
#2837=CARTESIAN_POINT('Origin',(15.,-10.2,-12.));
#2838=CARTESIAN_POINT('',(14.0875309879874,-4.77621900311999,-10.));
#2839=CARTESIAN_POINT('',(14.0875309879874,-4.77621900311998,-12.));
#2840=CARTESIAN_POINT('Origin',(15.,-10.2,-10.));
#2841=CARTESIAN_POINT('Origin',(13.7557240745283,-2.80393500425453,-12.));
#2842=CARTESIAN_POINT('',(11.7887207293061,-3.16573306931962,-10.));
#2843=CARTESIAN_POINT('Origin',(13.7557240745283,-2.80393500425453,-10.));
#2844=CARTESIAN_POINT('',(11.7887207293061,-3.16573306931962,-12.));
#2845=CARTESIAN_POINT('Origin',(29.,-2.03833610020402E-15,-2.));
#2846=CARTESIAN_POINT('',(12.2552683754037,-5.08566247604434,-10.));
#2847=CARTESIAN_POINT('Origin',(29.,-2.03833610020402E-15,-10.));
#2848=CARTESIAN_POINT('',(11.7887207293061,3.16573306931963,-10.));
#2849=CARTESIAN_POINT('',(11.7887207293061,3.16573306931963,-2.));
#2850=CARTESIAN_POINT('',(12.2552683754037,5.08566247604434,-10.));
#2851=CARTESIAN_POINT('Origin',(29.,-2.03833610020402E-15,-10.));
#2852=CARTESIAN_POINT('',(12.2552683754037,5.08566247604434,-2.));
#2853=CARTESIAN_POINT('',(12.2552683754037,-5.08566247604434,-2.));
#2854=CARTESIAN_POINT('Origin',(13.7557240745283,2.80393500425453,-2.));
#2855=CARTESIAN_POINT('',(14.0875309879874,4.77621900311999,-10.));
#2856=CARTESIAN_POINT('Origin',(13.7557240745283,2.80393500425453,-10.));
#2857=CARTESIAN_POINT('',(14.0875309879874,4.77621900311999,-2.));
#2858=CARTESIAN_POINT('Origin',(15.,10.2,-12.));
#2859=CARTESIAN_POINT('',(19.8830862630458,12.7309027139844,-10.));
#2860=CARTESIAN_POINT('',(19.8830862630458,12.7309027139844,-12.));
#2861=CARTESIAN_POINT('Origin',(15.,10.2,-10.));
#2862=CARTESIAN_POINT('Origin',(21.6587539950624,13.6512309736151,-12.));
#2863=CARTESIAN_POINT('Origin',(21.6587539950624,13.6512309736151,-10.));
#2864=CARTESIAN_POINT('Origin',(42.8333333333333,6.99205898780099,-2.));
#2865=CARTESIAN_POINT('',(42.7380952380952,4.99432784842928,-10.));
#2866=CARTESIAN_POINT('Origin',(42.8333333333333,6.99205898780099,-10.));
#2867=CARTESIAN_POINT('',(42.7380952380952,4.99432784842928,-2.));
#2868=CARTESIAN_POINT('Origin',(42.8333333333333,-6.99205898780099,-12.));
#2869=CARTESIAN_POINT('',(42.7380952380952,-4.99432784842927,-10.));
#2870=CARTESIAN_POINT('Origin',(42.8333333333333,-6.99205898780099,-10.));
#2871=CARTESIAN_POINT('',(42.7380952380952,-4.99432784842927,-12.));
#2872=CARTESIAN_POINT('Origin',(42.5,2.15901616219402E-15,-12.));
#2873=CARTESIAN_POINT('Origin',(42.5,2.15901616219402E-15,-10.));
#2874=CARTESIAN_POINT('Origin',(29.,0.,-10.));
#2875=CARTESIAN_POINT('',(16.9988202020097,14.2317140027584,-10.));
#2876=CARTESIAN_POINT('Origin',(17.8871847362362,16.0235868928732,-10.));
#2877=CARTESIAN_POINT('',(11.7749432961906,7.06168687712431,-10.));
#2878=CARTESIAN_POINT('Origin',(15.,10.2,-10.));
#2879=CARTESIAN_POINT('Origin',(10.3415847611641,5.66688104473512,-10.));
#2880=CARTESIAN_POINT('',(13.9,10.2,-10.));
#2881=CARTESIAN_POINT('Origin',(15.,10.2,-10.));
#2882=CARTESIAN_POINT('Origin',(29.,0.,-10.));
#2883=CARTESIAN_POINT('Origin',(29.,0.,-10.));
#2884=CARTESIAN_POINT('',(11.7749432961906,-7.06168687712431,-10.));
#2885=CARTESIAN_POINT('Origin',(10.3415847611641,-5.66688104473512,-10.));
#2886=CARTESIAN_POINT('',(16.9988202020097,-14.2317140027584,-10.));
#2887=CARTESIAN_POINT('Origin',(15.,-10.2,-10.));
#2888=CARTESIAN_POINT('Origin',(17.8871847362362,-16.0235868928732,-10.));
#2889=CARTESIAN_POINT('',(13.9,-10.2,-10.));
#2890=CARTESIAN_POINT('Origin',(15.,-10.2,-10.));
#2891=CARTESIAN_POINT('Origin',(17.8871847362362,16.0235868928732,-2.));
#2892=CARTESIAN_POINT('',(16.9988202020097,14.2317140027584,-2.));
#2893=CARTESIAN_POINT('Origin',(15.,10.2,-10.));
#2894=CARTESIAN_POINT('',(11.7749432961906,7.06168687712431,-2.));
#2895=CARTESIAN_POINT('Origin',(10.3415847611641,5.66688104473512,-2.));
#2896=CARTESIAN_POINT('Origin',(10.3415847611641,-5.66688104473512,-2.));
#2897=CARTESIAN_POINT('',(11.7749432961906,-7.06168687712431,-2.));
#2898=CARTESIAN_POINT('Origin',(15.,-10.2,-10.));
#2899=CARTESIAN_POINT('',(16.9988202020097,-14.2317140027584,-2.));
#2900=CARTESIAN_POINT('Origin',(17.8871847362362,-16.0235868928732,-2.));
#2901=CARTESIAN_POINT('Origin',(42.5,2.22044604925031E-15,-16.));
#2902=CARTESIAN_POINT('Origin',(15.,10.2,-12.));
#2903=CARTESIAN_POINT('',(13.9,10.2,-16.));
#2904=CARTESIAN_POINT('Origin',(15.,10.2,-16.));
#2905=CARTESIAN_POINT('',(13.9,10.2,-12.));
#2906=CARTESIAN_POINT('Origin',(15.,10.2,-16.));
#2907=CARTESIAN_POINT('Origin',(15.,-10.2,-12.));
#2908=CARTESIAN_POINT('',(13.9,-10.2,-16.));
#2909=CARTESIAN_POINT('Origin',(15.,-10.2,-16.));
#2910=CARTESIAN_POINT('',(13.9,-10.2,-12.));
#2911=CARTESIAN_POINT('Origin',(15.,-10.2,-16.));
#2912=CARTESIAN_POINT('Origin',(29.,0.,-10.));
#2913=CARTESIAN_POINT('',(2.49999999999999,-5.28365011794451E-15,-10.));
#2914=CARTESIAN_POINT('Origin',(29.,-2.03833610020402E-15,-10.));
#2915=CARTESIAN_POINT('Origin',(29.,-2.03833610020402E-15,-10.));
#2916=CARTESIAN_POINT('',(2.49999999999999,1.20697791753647E-15,-10.));
#2917=CARTESIAN_POINT('Origin',(40.8541586369935,-17.3343278787784,-2.));
#2918=CARTESIAN_POINT('',(39.9509846456035,-16.0136171832524,-2.));
#2919=CARTESIAN_POINT('',(41.7573326283835,-18.6550385743043,-2.));
#2920=CARTESIAN_POINT('Origin',(29.,-2.03833610020402E-15,-2.));
#2921=CARTESIAN_POINT('',(38.7770709997344,-20.3756934278604,-2.));
#2922=CARTESIAN_POINT('Origin',(38.0848889820541,-18.9331664595163,-2.));
#2923=CARTESIAN_POINT('',(37.3927069643738,-17.4906394911722,-2.));
#2924=CARTESIAN_POINT('Origin',(29.,-2.03833610020402E-15,-2.));
#2925=CARTESIAN_POINT('Origin',(38.0848889820541,18.9331664595163,-2.));
#2926=CARTESIAN_POINT('',(37.3927069643738,17.4906394911722,-2.));
#2927=CARTESIAN_POINT('',(38.7770709997344,20.3756934278604,-2.));
#2928=CARTESIAN_POINT('Origin',(29.,0.,-2.));
#2929=CARTESIAN_POINT('',(41.7573326283835,18.6550385743043,-2.));
#2930=CARTESIAN_POINT('Origin',(40.8541586369935,17.3343278787783,-2.));
#2931=CARTESIAN_POINT('',(39.9509846456035,16.0136171832524,-2.));
#2932=CARTESIAN_POINT('Origin',(29.,0.,-2.));
#2933=CARTESIAN_POINT('Origin',(8.06095238095237,-1.5988385807379,-2.));
#2934=CARTESIAN_POINT('',(9.65630838820746,-1.47702228414712,-2.));
#2935=CARTESIAN_POINT('',(6.46559637188207,-1.72065485355602,-2.));
#2936=CARTESIAN_POINT('Origin',(29.,0.,-2.));
#2937=CARTESIAN_POINT('',(6.46559637188207,1.72065485355606,-2.));
#2938=CARTESIAN_POINT('Origin',(8.06095238095237,1.59883858073793,-2.));
#2939=CARTESIAN_POINT('',(9.65630839002266,1.4770223079198,-2.));
#2940=CARTESIAN_POINT('Origin',(29.,0.,-2.));
#2941=CARTESIAN_POINT('Origin',(49.9390476190476,1.5988385807379,-2.));
#2942=CARTESIAN_POINT('',(48.3436916117925,1.47702228414712,-2.));
#2943=CARTESIAN_POINT('',(51.5344036281179,1.72065485355602,-2.));
#2944=CARTESIAN_POINT('Origin',(29.,0.,-2.));
#2945=CARTESIAN_POINT('',(51.5344036281179,-1.72065485355605,-2.));
#2946=CARTESIAN_POINT('Origin',(49.9390476190476,-1.59883858073792,-2.));
#2947=CARTESIAN_POINT('',(48.3436916099773,-1.4770223079198,-2.));
#2948=CARTESIAN_POINT('Origin',(29.,0.,-2.));
#2949=CARTESIAN_POINT('Origin',(19.9151110179458,-18.9331664595163,-2.));
#2950=CARTESIAN_POINT('',(20.6072930356262,-17.4906394911722,-2.));
#2951=CARTESIAN_POINT('',(19.2229290002655,-20.3756934278603,-2.));
#2952=CARTESIAN_POINT('Origin',(29.,0.,-2.));
#2953=CARTESIAN_POINT('',(16.2426673716165,-18.6550385743043,-2.));
#2954=CARTESIAN_POINT('Origin',(17.1458413630065,-17.3343278787783,-2.));
#2955=CARTESIAN_POINT('',(18.0490153543965,-16.0136171832524,-2.));
#2956=CARTESIAN_POINT('Origin',(29.,0.,-2.));
#2957=CARTESIAN_POINT('Origin',(17.1458413630065,17.3343278787784,-2.));
#2958=CARTESIAN_POINT('',(18.0490153543965,16.0136171832524,-2.));
#2959=CARTESIAN_POINT('',(16.2426673716165,18.6550385743043,-2.));
#2960=CARTESIAN_POINT('Origin',(29.,-2.03833610020402E-15,-2.));
#2961=CARTESIAN_POINT('',(19.2229290002656,20.3756934278604,-2.));
#2962=CARTESIAN_POINT('Origin',(19.9151110179459,18.9331664595163,-2.));
#2963=CARTESIAN_POINT('',(20.6072930356262,17.4906394911722,-2.));
#2964=CARTESIAN_POINT('Origin',(29.,-2.03833610020402E-15,-2.));
#2965=CARTESIAN_POINT('Origin',(46.6,14.,-12.));
#2966=CARTESIAN_POINT('',(46.6,14.,-12.));
#2967=CARTESIAN_POINT('Origin',(46.6,17.2,-12.));
#2968=CARTESIAN_POINT('',(46.6,17.2,-12.));
#2969=CARTESIAN_POINT('Origin',(43.6,17.2,-12.));
#2970=UNCERTAINTY_MEASURE_WITH_UNIT(LENGTH_MEASURE(0.01),#2974,
'DISTANCE_ACCURACY_VALUE',
'Maximum model space distance between geometric entities at asserted c
onnectivities');
#2971=UNCERTAINTY_MEASURE_WITH_UNIT(LENGTH_MEASURE(0.01),#2974,
'DISTANCE_ACCURACY_VALUE',
'Maximum model space distance between geometric entities at asserted c
onnectivities');
#2972=(
GEOMETRIC_REPRESENTATION_CONTEXT(3)
GLOBAL_UNCERTAINTY_ASSIGNED_CONTEXT((#2970))
GLOBAL_UNIT_ASSIGNED_CONTEXT((#2974,#2976,#2977))
REPRESENTATION_CONTEXT('','3D')
);
#2973=(
GEOMETRIC_REPRESENTATION_CONTEXT(3)
GLOBAL_UNCERTAINTY_ASSIGNED_CONTEXT((#2971))
GLOBAL_UNIT_ASSIGNED_CONTEXT((#2974,#2976,#2977))
REPRESENTATION_CONTEXT('','3D')
);
#2974=(
LENGTH_UNIT()
NAMED_UNIT(*)
SI_UNIT(.MILLI.,.METRE.)
);
#2975=(
LENGTH_UNIT()
NAMED_UNIT(*)
SI_UNIT($,.METRE.)
);
#2976=(
NAMED_UNIT(*)
PLANE_ANGLE_UNIT()
SI_UNIT($,.RADIAN.)
);
#2977=(
NAMED_UNIT(*)
SI_UNIT($,.STERADIAN.)
SOLID_ANGLE_UNIT()
);
#2978=SHAPE_DEFINITION_REPRESENTATION(#2979,#2980);
#2979=PRODUCT_DEFINITION_SHAPE('',$,#2982);
#2980=SHAPE_REPRESENTATION('',(#1681),#2972);
#2981=PRODUCT_DEFINITION_CONTEXT('part definition',#2986,'design');
#2982=PRODUCT_DEFINITION('Configuration 1','Basis Sonnenuhr v10',#2983,
#2981);
#2983=PRODUCT_DEFINITION_FORMATION('',$,#2988);
#2984=PRODUCT_RELATED_PRODUCT_CATEGORY('Basis Sonnenuhr v10',
'Basis Sonnenuhr v10',(#2988));
#2985=APPLICATION_PROTOCOL_DEFINITION('international standard',
'automotive_design',2009,#2986);
#2986=APPLICATION_CONTEXT(
'Core Data for Automotive Mechanical Design Process');
#2987=PRODUCT_CONTEXT('part definition',#2986,'mechanical');
#2988=PRODUCT('Configuration 1','Basis Sonnenuhr v10',$,(#2987));
#2989=PRESENTATION_STYLE_ASSIGNMENT((#2993));
#2990=PRESENTATION_STYLE_ASSIGNMENT((#2994));
#2991=PRESENTATION_STYLE_ASSIGNMENT((#2995));
#2992=PRESENTATION_STYLE_ASSIGNMENT((#2996));
#2993=SURFACE_STYLE_USAGE(.BOTH.,#2997);
#2994=SURFACE_STYLE_USAGE(.BOTH.,#2998);
#2995=SURFACE_STYLE_USAGE(.BOTH.,#2999);
#2996=SURFACE_STYLE_USAGE(.BOTH.,#3000);
#2997=SURFACE_SIDE_STYLE('',(#3001));
#2998=SURFACE_SIDE_STYLE('',(#3002));
#2999=SURFACE_SIDE_STYLE('',(#3003));
#3000=SURFACE_SIDE_STYLE('',(#3004));
#3001=SURFACE_STYLE_FILL_AREA(#3005);
#3002=SURFACE_STYLE_FILL_AREA(#3006);
#3003=SURFACE_STYLE_FILL_AREA(#3007);
#3004=SURFACE_STYLE_FILL_AREA(#3008);
#3005=FILL_AREA_STYLE('Steel - Satin',(#3009));
#3006=FILL_AREA_STYLE('Copper - Polished',(#3010));
#3007=FILL_AREA_STYLE('PEEK',(#3011));
#3008=FILL_AREA_STYLE('EPX 82 (with Carbon M2 M3 L1 3D Printers)',(#3012));
#3009=FILL_AREA_STYLE_COLOUR('Steel - Satin',#3013);
#3010=FILL_AREA_STYLE_COLOUR('Copper - Polished',#3014);
#3011=FILL_AREA_STYLE_COLOUR('PEEK',#3015);
#3012=FILL_AREA_STYLE_COLOUR(
'EPX 82 (with Carbon M2 M3 L1 3D Printers)',#3016);
#3013=COLOUR_RGB('Steel - Satin',0.627450980392157,0.627450980392157,0.627450980392157);
#3014=COLOUR_RGB('Copper - Polished',0.929411764705882,0.807843137254902,
0.764705882352941);
#3015=COLOUR_RGB('PEEK',0.6,0.509803921568627,0.368627450980392);
#3016=COLOUR_RGB('EPX 82 (with Carbon M2 M3 L1 3D Printers)',0.247058823529412,
0.247058823529412,0.247058823529412);
ENDSEC;
END-ISO-10303-21;
